******DATE,ORDER_ID,PRODUCT_ID,CUSTOMER_ID,UNITS,UNIT_PRICE,TOTAL_AMOUNT
01/01/2023 00:00:00,300002,10016,119,1,1599,1599
01/01/2023 00:00:00,300002,10063,120,2,1799,3598
01/01/2023 00:00:00,300003,10032,976,3,70,210
01/01/2023 00:00:00,300004,10070,573,1,7,7
01/01/2023 00:00:00,300004,10062,689,2,1499,2998
01/01/2023 00:00:00,300005,10083,265,1,50,50
02/01/2023 00:00:00,300006,10063,378,2,1799,3598
02/01/2023 00:00:00,300006,10030,546,2,234,468
02/01/2023 00:00:00,300007,10081,516,3,5,15
02/01/2023 00:00:00,300007,10085,636,3,6,18
02/01/2023 00:00:00,300007,10070,955,3,7,21
02/01/2023 00:00:00,300007,10027,206,2,109,218
02/01/2023 00:00:00,300007,10033,475,3,295,885
02/01/2023 00:00:00,300007,10066,82,3,149,447
02/01/2023 00:00:00,300008,10019,482,2,1299,2598
03/01/2023 00:00:00,300009,10077,175,3,6,18
03/01/2023 00:00:00,300009,10035,384,2,52,104
03/01/2023 00:00:00,300009,10018,199,3,1099,3297
03/01/2023 00:00:00,300010,10081,630,1,5,5
03/01/2023 00:00:00,300010,10039,905,3,799,2397
03/01/2023 00:00:00,300011,10016,518,2,1599,3198
03/01/2023 00:00:00,300011,10031,21,2,25,50
04/01/2023 00:00:00,300012,10028,152,2,1500,3000
04/01/2023 00:00:00,300012,10019,580,3,1299,3897
04/01/2023 00:00:00,300012,10044,923,2,750,1500
04/01/2023 00:00:00,300013,10066,242,1,149,149
04/01/2023 00:00:00,300013,10042,142,2,1849,3698
04/01/2023 00:00:00,300013,10066,928,2,149,298
04/01/2023 00:00:00,300014,10058,538,3,799,2397
04/01/2023 00:00:00,300014,10016,564,3,1599,4797
04/01/2023 00:00:00,300014,10026,826,2,850,1700
04/01/2023 00:00:00,300015,10047,562,1,300,300
04/01/2023 00:00:00,300016,10071,193,2,6,12
04/01/2023 00:00:00,300017,10037,373,2,500,1000
04/01/2023 00:00:00,300018,10045,54,3,499,1497
04/01/2023 00:00:00,300018,10049,333,2,450,900
04/01/2023 00:00:00,300019,10086,56,3,13,39
04/01/2023 00:00:00,300019,10030,198,2,234,468
05/01/2023 00:00:00,300020,10018,347,1,1099,1099
05/01/2023 00:00:00,300020,10017,337,1,999,999
05/01/2023 00:00:00,300020,10079,393,1,7,7
05/01/2023 00:00:00,300020,10018,940,1,1099,1099
05/01/2023 00:00:00,300020,10058,496,2,799,1598
05/01/2023 00:00:00,300021,10031,118,3,25,75
05/01/2023 00:00:00,300021,10013,692,1,157,157
05/01/2023 00:00:00,300021,10031,706,3,25,75
05/01/2023 00:00:00,300021,10037,11,3,500,1500
05/01/2023 00:00:00,300022,10007,785,1,230,230
05/01/2023 00:00:00,300022,10013,45,2,157,314
05/01/2023 00:00:00,300022,10021,809,2,799,1598
05/01/2023 00:00:00,300023,10058,772,3,799,2397
05/01/2023 00:00:00,300023,10030,4,1,234,234
05/01/2023 00:00:00,300023,10022,120,3,899,2697
05/01/2023 00:00:00,300023,10068,363,2,279,558
05/01/2023 00:00:00,300023,10062,160,3,1499,4497
05/01/2023 00:00:00,300024,10057,291,3,1099,3297
05/01/2023 00:00:00,300024,10064,11,3,1249,3747
05/01/2023 00:00:00,300025,10005,693,3,36,108
05/01/2023 00:00:00,300026,10068,527,1,279,279
05/01/2023 00:00:00,300027,10024,436,2,199,398
05/01/2023 00:00:00,300027,10026,905,1,850,850
05/01/2023 00:00:00,300027,10086,304,1,13,13
05/01/2023 00:00:00,300027,10058,273,2,799,1598
05/01/2023 00:00:00,300027,10015,338,3,1399,4197
05/01/2023 00:00:00,300027,10053,11,1,90,90
05/01/2023 00:00:00,300028,10056,835,1,999,999
05/01/2023 00:00:00,300029,10086,667,1,13,13
05/01/2023 00:00:00,300030,10084,276,2,7,14
06/01/2023 00:00:00,300031,10032,272,1,70,70
06/01/2023 00:00:00,300032,10068,572,2,279,558
06/01/2023 00:00:00,300033,10042,325,1,1849,1849
07/01/2023 00:00:00,300034,10056,334,2,999,1998
07/01/2023 00:00:00,300035,10064,158,1,1249,1249
07/01/2023 00:00:00,300035,10061,960,1,1199,1199
07/01/2023 00:00:00,300036,10021,929,3,799,2397
07/01/2023 00:00:00,300036,10070,399,2,7,14
07/01/2023 00:00:00,300037,10016,932,3,1599,4797
07/01/2023 00:00:00,300038,10069,380,3,5,15
07/01/2023 00:00:00,300039,10015,706,3,1399,4197
08/01/2023 00:00:00,300040,10042,503,1,1849,1849
08/01/2023 00:00:00,300040,10048,116,1,500,500
08/01/2023 00:00:00,300040,10010,352,3,29,87
08/01/2023 00:00:00,300041,10081,870,2,5,10
08/01/2023 00:00:00,300042,10061,372,2,1199,2398
08/01/2023 00:00:00,300042,10009,403,2,80,160
08/01/2023 00:00:00,300042,10073,669,1,7,7
08/01/2023 00:00:00,300042,10037,852,3,500,1500
08/01/2023 00:00:00,300042,10019,671,2,1299,2598
08/01/2023 00:00:00,300043,10038,183,2,379,758
08/01/2023 00:00:00,300044,10006,379,1,24,24
08/01/2023 00:00:00,300045,10028,84,2,1500,3000
09/01/2023 00:00:00,300046,10040,369,3,949,2847
09/01/2023 00:00:00,300047,10024,480,1,199,199
09/01/2023 00:00:00,300048,10052,274,2,300,600
09/01/2023 00:00:00,300048,10081,155,3,5,15
09/01/2023 00:00:00,300049,10034,451,2,90,180
09/01/2023 00:00:00,300049,10072,307,3,5,15
09/01/2023 00:00:00,300049,10003,960,2,149,298
09/01/2023 00:00:00,300050,10068,166,3,279,837
09/01/2023 00:00:00,300051,10036,868,2,111,222
09/01/2023 00:00:00,300051,10067,453,3,269,807
09/01/2023 00:00:00,300052,10083,914,3,50,150
09/01/2023 00:00:00,300052,10031,570,1,25,25
09/01/2023 00:00:00,300052,10077,534,2,6,12
09/01/2023 00:00:00,300052,10058,428,3,799,2397
09/01/2023 00:00:00,300053,10038,642,2,379,758
09/01/2023 00:00:00,300053,10033,719,1,295,295
09/01/2023 00:00:00,300053,10003,416,1,149,149
10/01/2023 00:00:00,300054,10019,943,2,1299,2598
10/01/2023 00:00:00,300055,10058,716,2,799,1598
10/01/2023 00:00:00,300055,10070,449,3,7,21
10/01/2023 00:00:00,300055,10016,339,2,1599,3198
10/01/2023 00:00:00,300056,10044,61,3,750,2250
10/01/2023 00:00:00,300057,10036,249,1,111,111
10/01/2023 00:00:00,300057,10002,28,3,81,243
10/01/2023 00:00:00,300057,10028,552,1,1500,1500
11/01/2023 00:00:00,300058,10003,546,1,149,149
11/01/2023 00:00:00,300058,10037,696,1,500,500
11/01/2023 00:00:00,300058,10071,508,2,6,12
11/01/2023 00:00:00,300059,10041,669,1,749,749
11/01/2023 00:00:00,300060,10075,607,2,5,10
11/01/2023 00:00:00,300060,10080,310,1,6,6
11/01/2023 00:00:00,300060,10009,681,1,80,80
11/01/2023 00:00:00,300060,10040,33,3,949,2847
11/01/2023 00:00:00,300060,10077,834,2,6,12
11/01/2023 00:00:00,300061,10061,965,1,1199,1199
11/01/2023 00:00:00,300062,10024,67,2,199,398
11/01/2023 00:00:00,300063,10060,703,1,579,579
11/01/2023 00:00:00,300064,10006,73,2,24,48
12/01/2023 00:00:00,300065,10086,261,1,13,13
12/01/2023 00:00:00,300065,10046,954,1,200,200
12/01/2023 00:00:00,300065,10047,424,3,300,900
12/01/2023 00:00:00,300066,10025,157,3,399,1197
12/01/2023 00:00:00,300066,10078,198,2,5,10
12/01/2023 00:00:00,300066,10039,309,2,799,1598
12/01/2023 00:00:00,300067,10001,480,3,27,81
12/01/2023 00:00:00,300067,10071,698,1,6,6
12/01/2023 00:00:00,300067,10072,495,3,5,15
12/01/2023 00:00:00,300068,10071,453,3,6,18
12/01/2023 00:00:00,300068,10003,513,1,149,149
12/01/2023 00:00:00,300069,10029,318,3,44,132
12/01/2023 00:00:00,300070,10074,688,3,6,18
13/01/2023 00:00:00,300071,10028,273,2,1500,3000
13/01/2023 00:00:00,300072,10010,304,1,29,29
13/01/2023 00:00:00,300072,10082,441,2,20,40
13/01/2023 00:00:00,300073,10085,348,3,6,18
13/01/2023 00:00:00,300073,10048,691,3,500,1500
13/01/2023 00:00:00,300074,10050,737,1,700,700
13/01/2023 00:00:00,300074,10003,649,1,149,149
13/01/2023 00:00:00,300075,10018,979,2,1099,2198
13/01/2023 00:00:00,300076,10003,709,1,149,149
13/01/2023 00:00:00,300077,10028,656,3,1500,4500
14/01/2023 00:00:00,300078,10028,191,1,1500,1500
14/01/2023 00:00:00,300078,10063,41,1,1799,1799
14/01/2023 00:00:00,300079,10024,673,1,199,199
14/01/2023 00:00:00,300079,10027,342,1,109,109
14/01/2023 00:00:00,300080,10008,274,2,50,100
14/01/2023 00:00:00,300081,10035,280,1,52,52
14/01/2023 00:00:00,300081,10019,474,3,1299,3897
14/01/2023 00:00:00,300081,10017,968,3,999,2997
14/01/2023 00:00:00,300082,10015,698,2,1399,2798
14/01/2023 00:00:00,300083,10086,828,1,13,13
14/01/2023 00:00:00,300084,10075,850,1,5,5
14/01/2023 00:00:00,300084,10084,675,3,7,21
15/01/2023 00:00:00,300085,10082,954,3,20,60
15/01/2023 00:00:00,300085,10032,981,2,70,140
15/01/2023 00:00:00,300085,10044,578,3,750,2250
15/01/2023 00:00:00,300085,10041,372,1,749,749
15/01/2023 00:00:00,300086,10045,844,2,499,998
15/01/2023 00:00:00,300086,10050,129,3,700,2100
15/01/2023 00:00:00,300087,10068,136,3,279,837
15/01/2023 00:00:00,300087,10067,650,3,269,807
15/01/2023 00:00:00,300087,10030,134,2,234,468
15/01/2023 00:00:00,300088,10043,938,2,450,900
15/01/2023 00:00:00,300088,10046,995,3,200,600
15/01/2023 00:00:00,300088,10035,713,3,52,156
15/01/2023 00:00:00,300089,10066,797,3,149,447
15/01/2023 00:00:00,300089,10049,818,1,450,450
15/01/2023 00:00:00,300089,10006,401,1,24,24
15/01/2023 00:00:00,300090,10066,145,2,149,298
15/01/2023 00:00:00,300091,10052,261,3,300,900
16/01/2023 00:00:00,300092,10016,318,2,1599,3198
16/01/2023 00:00:00,300092,10040,579,3,949,2847
16/01/2023 00:00:00,300093,10051,176,3,900,2700
16/01/2023 00:00:00,300094,10024,854,1,199,199
16/01/2023 00:00:00,300095,10032,537,2,70,140
16/01/2023 00:00:00,300096,10027,45,3,109,327
16/01/2023 00:00:00,300096,10027,307,3,109,327
16/01/2023 00:00:00,300097,10074,648,2,6,12
16/01/2023 00:00:00,300098,10059,868,3,269,807
17/01/2023 00:00:00,300099,10075,826,3,5,15
17/01/2023 00:00:00,300100,10063,707,3,1799,5397
17/01/2023 00:00:00,300101,10064,429,2,1249,2498
17/01/2023 00:00:00,300102,10059,505,1,269,269
17/01/2023 00:00:00,300102,10086,754,3,13,39
17/01/2023 00:00:00,300103,10066,330,1,149,149
17/01/2023 00:00:00,300103,10056,783,3,999,2997
17/01/2023 00:00:00,300104,10073,825,2,7,14
18/01/2023 00:00:00,300105,10059,817,2,269,538
18/01/2023 00:00:00,300105,10017,800,2,999,1998
18/01/2023 00:00:00,300105,10029,241,2,44,88
18/01/2023 00:00:00,300106,10064,368,3,1249,3747
18/01/2023 00:00:00,300107,10010,46,3,29,87
18/01/2023 00:00:00,300108,10017,832,2,999,1998
18/01/2023 00:00:00,300109,10073,15,2,7,14
18/01/2023 00:00:00,300109,10035,243,3,52,156
18/01/2023 00:00:00,300110,10028,30,3,1500,4500
18/01/2023 00:00:00,300110,10084,910,2,7,14
18/01/2023 00:00:00,300110,10002,272,2,81,162
18/01/2023 00:00:00,300111,10015,22,2,1399,2798
19/01/2023 00:00:00,300112,10045,825,3,499,1497
19/01/2023 00:00:00,300113,10053,801,3,90,270
19/01/2023 00:00:00,300113,10041,350,2,749,1498
19/01/2023 00:00:00,300113,10078,842,2,5,10
19/01/2023 00:00:00,300114,10014,579,2,1199,2398
19/01/2023 00:00:00,300115,10045,5,3,499,1497
19/01/2023 00:00:00,300116,10085,182,2,6,12
19/01/2023 00:00:00,300116,10022,548,2,899,1798
19/01/2023 00:00:00,300116,10012,8,2,70,140
19/01/2023 00:00:00,300116,10068,204,3,279,837
20/01/2023 00:00:00,300117,10004,211,3,35,105
20/01/2023 00:00:00,300118,10019,192,3,1299,3897
20/01/2023 00:00:00,300118,10005,569,2,36,72
20/01/2023 00:00:00,300119,10035,956,3,52,156
20/01/2023 00:00:00,300119,10080,595,1,6,6
20/01/2023 00:00:00,300119,10063,899,2,1799,3598
20/01/2023 00:00:00,300120,10086,376,3,13,39
20/01/2023 00:00:00,300120,10042,217,3,1849,5547
20/01/2023 00:00:00,300120,10079,170,1,7,7
20/01/2023 00:00:00,300120,10037,326,2,500,1000
20/01/2023 00:00:00,300120,10031,671,1,25,25
20/01/2023 00:00:00,300121,10019,916,3,1299,3897
21/01/2023 00:00:00,300122,10017,372,1,999,999
21/01/2023 00:00:00,300123,10008,317,3,50,150
21/01/2023 00:00:00,300124,10036,556,3,111,333
21/01/2023 00:00:00,300125,10012,656,1,70,70
21/01/2023 00:00:00,300125,10001,941,1,27,27
21/01/2023 00:00:00,300125,10050,748,1,700,700
21/01/2023 00:00:00,300125,10082,743,1,20,20
21/01/2023 00:00:00,300126,10008,334,2,50,100
21/01/2023 00:00:00,300126,10029,238,2,44,88
21/01/2023 00:00:00,300127,10062,65,1,1499,1499
22/01/2023 00:00:00,300128,10070,924,1,7,7
22/01/2023 00:00:00,300128,10077,847,1,6,6
22/01/2023 00:00:00,300128,10018,645,3,1099,3297
22/01/2023 00:00:00,300128,10057,310,2,1099,2198
22/01/2023 00:00:00,300129,10060,577,3,579,1737
22/01/2023 00:00:00,300129,10007,828,2,230,460
22/01/2023 00:00:00,300129,10019,878,2,1299,2598
22/01/2023 00:00:00,300129,10030,340,2,234,468
22/01/2023 00:00:00,300129,10010,528,2,29,58
22/01/2023 00:00:00,300129,10032,424,1,70,70
22/01/2023 00:00:00,300130,10059,102,1,269,269
22/01/2023 00:00:00,300131,10006,133,3,24,72
22/01/2023 00:00:00,300132,10082,886,3,20,60
22/01/2023 00:00:00,300132,10030,795,2,234,468
22/01/2023 00:00:00,300133,10081,84,1,5,5
23/01/2023 00:00:00,300134,10025,812,2,399,798
23/01/2023 00:00:00,300134,10020,986,2,1499,2998
23/01/2023 00:00:00,300134,10072,17,1,5,5
23/01/2023 00:00:00,300135,10066,507,2,149,298
23/01/2023 00:00:00,300135,10042,598,3,1849,5547
23/01/2023 00:00:00,300135,10073,675,3,7,21
23/01/2023 00:00:00,300135,10052,317,1,300,300
23/01/2023 00:00:00,300136,10065,696,3,399,1197
23/01/2023 00:00:00,300137,10067,539,3,269,807
23/01/2023 00:00:00,300137,10041,762,2,749,1498
23/01/2023 00:00:00,300137,10048,615,1,500,500
23/01/2023 00:00:00,300138,10053,409,1,90,90
23/01/2023 00:00:00,300138,10001,169,2,27,54
23/01/2023 00:00:00,300138,10046,148,3,200,600
23/01/2023 00:00:00,300138,10008,935,2,50,100
24/01/2023 00:00:00,300139,10050,148,3,700,2100
24/01/2023 00:00:00,300139,10058,621,1,799,799
24/01/2023 00:00:00,300140,10038,992,2,379,758
24/01/2023 00:00:00,300141,10050,729,1,700,700
24/01/2023 00:00:00,300142,10085,241,3,6,18
24/01/2023 00:00:00,300142,10019,96,3,1299,3897
24/01/2023 00:00:00,300142,10077,367,1,6,6
24/01/2023 00:00:00,300142,10050,297,3,700,2100
25/01/2023 00:00:00,300143,10039,488,2,799,1598
25/01/2023 00:00:00,300143,10048,806,3,500,1500
25/01/2023 00:00:00,300144,10016,513,2,1599,3198
25/01/2023 00:00:00,300145,10003,537,2,149,298
25/01/2023 00:00:00,300145,10078,6,3,5,15
25/01/2023 00:00:00,300146,10011,187,3,106,318
25/01/2023 00:00:00,300146,10023,212,2,1099,2198
25/01/2023 00:00:00,300146,10081,868,1,5,5
26/01/2023 00:00:00,300147,10059,462,2,269,538
26/01/2023 00:00:00,300147,10009,858,2,80,160
26/01/2023 00:00:00,300148,10085,101,2,6,12
26/01/2023 00:00:00,300149,10071,466,1,6,6
26/01/2023 00:00:00,300149,10050,334,1,700,700
26/01/2023 00:00:00,300149,10025,71,3,399,1197
26/01/2023 00:00:00,300149,10008,405,3,50,150
26/01/2023 00:00:00,300149,10085,777,1,6,6
26/01/2023 00:00:00,300150,10030,86,3,234,702
26/01/2023 00:00:00,300150,10066,332,1,149,149
26/01/2023 00:00:00,300150,10029,232,2,44,88
27/01/2023 00:00:00,300151,10027,695,1,109,109
27/01/2023 00:00:00,300152,10032,22,2,70,140
27/01/2023 00:00:00,300152,10061,582,3,1199,3597
27/01/2023 00:00:00,300153,10019,575,1,1299,1299
27/01/2023 00:00:00,300153,10033,424,3,295,885
28/01/2023 00:00:00,300154,10033,733,2,295,590
28/01/2023 00:00:00,300154,10018,575,2,1099,2198
28/01/2023 00:00:00,300155,10045,823,1,499,499
28/01/2023 00:00:00,300155,10008,401,3,50,150
28/01/2023 00:00:00,300156,10025,549,1,399,399
28/01/2023 00:00:00,300157,10026,902,2,850,1700
28/01/2023 00:00:00,300158,10077,908,1,6,6
28/01/2023 00:00:00,300159,10057,766,1,1099,1099
28/01/2023 00:00:00,300160,10052,439,1,300,300
28/01/2023 00:00:00,300160,10020,469,2,1499,2998
28/01/2023 00:00:00,300161,10024,494,1,199,199
28/01/2023 00:00:00,300161,10033,344,3,295,885
28/01/2023 00:00:00,300161,10084,157,1,7,7
28/01/2023 00:00:00,300162,10072,208,1,5,5
28/01/2023 00:00:00,300162,10063,587,1,1799,1799
29/01/2023 00:00:00,300163,10002,477,3,81,243
29/01/2023 00:00:00,300163,10005,891,2,36,72
29/01/2023 00:00:00,300164,10009,128,2,80,160
29/01/2023 00:00:00,300164,10025,376,1,399,399
29/01/2023 00:00:00,300165,10010,468,1,29,29
29/01/2023 00:00:00,300165,10029,721,1,44,44
29/01/2023 00:00:00,300166,10003,484,3,149,447
29/01/2023 00:00:00,300167,10060,741,1,579,579
29/01/2023 00:00:00,300167,10026,49,3,850,2550
29/01/2023 00:00:00,300168,10033,806,2,295,590
29/01/2023 00:00:00,300169,10024,91,1,199,199
30/01/2023 00:00:00,300170,10031,277,3,25,75
30/01/2023 00:00:00,300170,10019,369,3,1299,3897
30/01/2023 00:00:00,300170,10042,202,1,1849,1849
30/01/2023 00:00:00,300170,10052,170,3,300,900
30/01/2023 00:00:00,300170,10063,488,2,1799,3598
30/01/2023 00:00:00,300170,10024,810,1,199,199
30/01/2023 00:00:00,300170,10050,668,1,700,700
30/01/2023 00:00:00,300170,10040,797,3,949,2847
30/01/2023 00:00:00,300170,10035,798,1,52,52
30/01/2023 00:00:00,300171,10051,38,2,900,1800
30/01/2023 00:00:00,300172,10063,25,3,1799,5397
30/01/2023 00:00:00,300173,10008,350,1,50,50
30/01/2023 00:00:00,300174,10043,399,3,450,1350
30/01/2023 00:00:00,300175,10013,604,1,157,157
30/01/2023 00:00:00,300175,10013,295,3,157,471
30/01/2023 00:00:00,300176,10023,900,3,1099,3297
30/01/2023 00:00:00,300176,10021,443,1,799,799
30/01/2023 00:00:00,300176,10031,777,1,25,25
30/01/2023 00:00:00,300177,10053,91,3,90,270
30/01/2023 00:00:00,300178,10046,671,3,200,600
30/01/2023 00:00:00,300178,10040,121,1,949,949
30/01/2023 00:00:00,300179,10086,288,3,13,39
31/01/2023 00:00:00,300180,10081,28,3,5,15
31/01/2023 00:00:00,300180,10021,344,3,799,2397
31/01/2023 00:00:00,300181,10086,917,1,13,13
31/01/2023 00:00:00,300181,10069,322,1,5,5
31/01/2023 00:00:00,300181,10074,358,3,6,18
31/01/2023 00:00:00,300181,10026,54,1,850,850
31/01/2023 00:00:00,300182,10043,614,1,450,450
31/01/2023 00:00:00,300182,10026,974,3,850,2550
31/01/2023 00:00:00,300182,10055,959,2,95,190
31/01/2023 00:00:00,300183,10075,445,3,5,15
01/02/2023 00:00:00,300184,10076,320,1,7,7
01/02/2023 00:00:00,300185,10020,525,1,1499,1499
01/02/2023 00:00:00,300186,10023,736,3,1099,3297
01/02/2023 00:00:00,300186,10065,974,2,399,798
01/02/2023 00:00:00,300186,10054,135,3,250,750
01/02/2023 00:00:00,300187,10003,284,3,149,447
01/02/2023 00:00:00,300188,10027,683,1,109,109
01/02/2023 00:00:00,300188,10047,898,1,300,300
02/02/2023 00:00:00,300189,10044,10,3,750,2250
02/02/2023 00:00:00,300189,10038,536,2,379,758
02/02/2023 00:00:00,300189,10079,960,1,7,7
02/02/2023 00:00:00,300189,10001,637,3,27,81
02/02/2023 00:00:00,300189,10035,778,2,52,104
02/02/2023 00:00:00,300190,10084,572,1,7,7
02/02/2023 00:00:00,300191,10078,395,1,5,5
02/02/2023 00:00:00,300192,10075,662,2,5,10
02/02/2023 00:00:00,300193,10043,821,1,450,450
02/02/2023 00:00:00,300194,10020,158,1,1499,1499
02/02/2023 00:00:00,300194,10078,192,1,5,5
03/02/2023 00:00:00,300195,10071,775,3,6,18
03/02/2023 00:00:00,300196,10086,678,3,13,39
03/02/2023 00:00:00,300197,10036,257,2,111,222
04/02/2023 00:00:00,300198,10084,481,3,7,21
04/02/2023 00:00:00,300199,10052,676,1,300,300
04/02/2023 00:00:00,300199,10060,429,2,579,1158
04/02/2023 00:00:00,300199,10061,793,1,1199,1199
04/02/2023 00:00:00,300199,10034,717,3,90,270
04/02/2023 00:00:00,300199,10007,366,1,230,230
04/02/2023 00:00:00,300199,10069,796,2,5,10
04/02/2023 00:00:00,300199,10067,430,1,269,269
04/02/2023 00:00:00,300200,10022,65,1,899,899
05/02/2023 00:00:00,300201,10076,877,3,7,21
05/02/2023 00:00:00,300202,10079,82,3,7,21
05/02/2023 00:00:00,300202,10008,949,1,50,50
05/02/2023 00:00:00,300203,10065,878,3,399,1197
05/02/2023 00:00:00,300203,10020,246,2,1499,2998
05/02/2023 00:00:00,300204,10044,235,1,750,750
05/02/2023 00:00:00,300204,10069,901,3,5,15
05/02/2023 00:00:00,300205,10041,591,2,749,1498
06/02/2023 00:00:00,300206,10039,600,2,799,1598
06/02/2023 00:00:00,300206,10016,458,2,1599,3198
06/02/2023 00:00:00,300207,10067,557,3,269,807
06/02/2023 00:00:00,300208,10014,492,1,1199,1199
06/02/2023 00:00:00,300208,10043,698,2,450,900
06/02/2023 00:00:00,300208,10070,76,2,7,14
06/02/2023 00:00:00,300209,10086,797,2,13,26
06/02/2023 00:00:00,300210,10040,631,2,949,1898
06/02/2023 00:00:00,300211,10031,986,2,25,50
07/02/2023 00:00:00,300212,10070,567,1,7,7
07/02/2023 00:00:00,300212,10086,277,2,13,26
07/02/2023 00:00:00,300213,10069,142,1,5,5
07/02/2023 00:00:00,300213,10067,319,3,269,807
07/02/2023 00:00:00,300213,10064,546,1,1249,1249
07/02/2023 00:00:00,300214,10033,718,2,295,590
07/02/2023 00:00:00,300215,10011,574,1,106,106
07/02/2023 00:00:00,300216,10011,73,3,106,318
07/02/2023 00:00:00,300216,10016,991,2,1599,3198
07/02/2023 00:00:00,300216,10038,707,1,379,379
07/02/2023 00:00:00,300217,10065,179,1,399,399
07/02/2023 00:00:00,300217,10051,83,3,900,2700
07/02/2023 00:00:00,300217,10002,413,3,81,243
07/02/2023 00:00:00,300217,10036,769,2,111,222
07/02/2023 00:00:00,300218,10015,565,3,1399,4197
07/02/2023 00:00:00,300218,10079,992,2,7,14
07/02/2023 00:00:00,300218,10051,643,1,900,900
07/02/2023 00:00:00,300219,10053,455,3,90,270
08/02/2023 00:00:00,300220,10034,263,1,90,90
08/02/2023 00:00:00,300220,10016,290,3,1599,4797
08/02/2023 00:00:00,300221,10077,431,1,6,6
08/02/2023 00:00:00,300221,10039,925,2,799,1598
08/02/2023 00:00:00,300221,10084,943,1,7,7
08/02/2023 00:00:00,300221,10070,915,3,7,21
08/02/2023 00:00:00,300221,10005,501,2,36,72
08/02/2023 00:00:00,300221,10075,472,2,5,10
08/02/2023 00:00:00,300221,10077,723,2,6,12
08/02/2023 00:00:00,300221,10046,452,2,200,400
08/02/2023 00:00:00,300221,10006,109,2,24,48
09/02/2023 00:00:00,300222,10074,589,1,6,6
09/02/2023 00:00:00,300222,10066,328,2,149,298
09/02/2023 00:00:00,300223,10068,966,1,279,279
09/02/2023 00:00:00,300224,10060,379,1,579,579
09/02/2023 00:00:00,300224,10066,359,3,149,447
09/02/2023 00:00:00,300224,10086,140,2,13,26
09/02/2023 00:00:00,300225,10038,605,2,379,758
09/02/2023 00:00:00,300225,10043,117,3,450,1350
09/02/2023 00:00:00,300225,10041,392,2,749,1498
09/02/2023 00:00:00,300225,10084,758,1,7,7
09/02/2023 00:00:00,300225,10079,712,2,7,14
09/02/2023 00:00:00,300225,10015,41,1,1399,1399
09/02/2023 00:00:00,300225,10030,614,2,234,468
09/02/2023 00:00:00,300226,10026,270,1,850,850
09/02/2023 00:00:00,300227,10060,909,3,579,1737
09/02/2023 00:00:00,300227,10041,530,3,749,2247
09/02/2023 00:00:00,300228,10077,198,3,6,18
10/02/2023 00:00:00,300229,10065,999,1,399,399
10/02/2023 00:00:00,300230,10007,394,2,230,460
10/02/2023 00:00:00,300231,10009,841,3,80,240
10/02/2023 00:00:00,300231,10015,825,2,1399,2798
11/02/2023 00:00:00,300232,10051,638,3,900,2700
11/02/2023 00:00:00,300232,10078,978,3,5,15
11/02/2023 00:00:00,300233,10020,639,2,1499,2998
11/02/2023 00:00:00,300233,10058,580,1,799,799
11/02/2023 00:00:00,300234,10051,826,1,900,900
12/02/2023 00:00:00,300235,10019,127,3,1299,3897
12/02/2023 00:00:00,300235,10004,657,1,35,35
12/02/2023 00:00:00,300235,10018,562,3,1099,3297
12/02/2023 00:00:00,300236,10046,67,2,200,400
12/02/2023 00:00:00,300237,10011,118,3,106,318
12/02/2023 00:00:00,300238,10041,687,2,749,1498
12/02/2023 00:00:00,300239,10071,518,3,6,18
12/02/2023 00:00:00,300239,10009,4,1,80,80
12/02/2023 00:00:00,300240,10018,624,1,1099,1099
12/02/2023 00:00:00,300241,10048,910,1,500,500
12/02/2023 00:00:00,300242,10055,478,1,95,95
12/02/2023 00:00:00,300242,10045,338,2,499,998
12/02/2023 00:00:00,300242,10044,579,2,750,1500
12/02/2023 00:00:00,300242,10060,145,3,579,1737
13/02/2023 00:00:00,300243,10037,384,2,500,1000
13/02/2023 00:00:00,300244,10043,683,3,450,1350
13/02/2023 00:00:00,300244,10020,283,1,1499,1499
13/02/2023 00:00:00,300245,10077,279,2,6,12
13/02/2023 00:00:00,300245,10006,983,3,24,72
13/02/2023 00:00:00,300246,10057,492,3,1099,3297
13/02/2023 00:00:00,300246,10072,525,1,5,5
13/02/2023 00:00:00,300246,10027,33,3,109,327
13/02/2023 00:00:00,300247,10019,503,3,1299,3897
13/02/2023 00:00:00,300248,10079,846,1,7,7
13/02/2023 00:00:00,300248,10086,544,3,13,39
13/02/2023 00:00:00,300248,10049,631,1,450,450
13/02/2023 00:00:00,300249,10071,354,3,6,18
13/02/2023 00:00:00,300250,10043,773,2,450,900
13/02/2023 00:00:00,300250,10017,229,2,999,1998
13/02/2023 00:00:00,300251,10078,879,1,5,5
14/02/2023 00:00:00,300252,10062,887,1,1499,1499
14/02/2023 00:00:00,300253,10071,119,3,6,18
14/02/2023 00:00:00,300254,10052,887,2,300,600
14/02/2023 00:00:00,300255,10046,264,3,200,600
14/02/2023 00:00:00,300255,10070,571,1,7,7
14/02/2023 00:00:00,300256,10046,10,2,200,400
14/02/2023 00:00:00,300257,10051,318,1,900,900
14/02/2023 00:00:00,300258,10018,645,1,1099,1099
15/02/2023 00:00:00,300259,10073,198,3,7,21
15/02/2023 00:00:00,300259,10007,400,3,230,690
15/02/2023 00:00:00,300260,10039,972,1,799,799
15/02/2023 00:00:00,300261,10046,441,1,200,200
15/02/2023 00:00:00,300262,10057,386,2,1099,2198
15/02/2023 00:00:00,300263,10077,587,1,6,6
15/02/2023 00:00:00,300264,10055,231,1,95,95
15/02/2023 00:00:00,300265,10078,786,1,5,5
15/02/2023 00:00:00,300266,10021,489,1,799,799
16/02/2023 00:00:00,300267,10019,633,1,1299,1299
16/02/2023 00:00:00,300268,10036,580,3,111,333
16/02/2023 00:00:00,300268,10013,3,1,157,157
16/02/2023 00:00:00,300268,10081,679,1,5,5
16/02/2023 00:00:00,300268,10057,687,1,1099,1099
16/02/2023 00:00:00,300269,10062,765,2,1499,2998
16/02/2023 00:00:00,300270,10001,95,3,27,81
16/02/2023 00:00:00,300271,10018,399,3,1099,3297
16/02/2023 00:00:00,300271,10065,339,1,399,399
17/02/2023 00:00:00,300272,10008,441,1,50,50
17/02/2023 00:00:00,300272,10050,588,3,700,2100
17/02/2023 00:00:00,300272,10070,465,1,7,7
17/02/2023 00:00:00,300273,10021,323,1,799,799
17/02/2023 00:00:00,300273,10055,502,3,95,285
17/02/2023 00:00:00,300273,10064,670,1,1249,1249
17/02/2023 00:00:00,300274,10073,711,3,7,21
17/02/2023 00:00:00,300274,10005,584,2,36,72
17/02/2023 00:00:00,300274,10079,477,1,7,7
17/02/2023 00:00:00,300274,10021,415,3,799,2397
17/02/2023 00:00:00,300274,10040,788,2,949,1898
17/02/2023 00:00:00,300274,10082,935,3,20,60
17/02/2023 00:00:00,300275,10031,207,2,25,50
17/02/2023 00:00:00,300275,10003,721,2,149,298
17/02/2023 00:00:00,300275,10083,337,2,50,100
17/02/2023 00:00:00,300275,10023,234,2,1099,2198
17/02/2023 00:00:00,300275,10034,504,1,90,90
17/02/2023 00:00:00,300275,10002,709,3,81,243
17/02/2023 00:00:00,300276,10049,605,2,450,900
17/02/2023 00:00:00,300277,10011,400,1,106,106
17/02/2023 00:00:00,300278,10035,574,1,52,52
17/02/2023 00:00:00,300279,10029,111,3,44,132
18/02/2023 00:00:00,300280,10003,93,2,149,298
18/02/2023 00:00:00,300281,10059,24,2,269,538
18/02/2023 00:00:00,300281,10066,420,3,149,447
18/02/2023 00:00:00,300282,10030,459,2,234,468
18/02/2023 00:00:00,300283,10047,745,3,300,900
18/02/2023 00:00:00,300284,10084,526,1,7,7
18/02/2023 00:00:00,300285,10055,760,2,95,190
18/02/2023 00:00:00,300285,10050,915,1,700,700
18/02/2023 00:00:00,300285,10076,990,3,7,21
18/02/2023 00:00:00,300285,10031,572,3,25,75
19/02/2023 00:00:00,300286,10068,163,3,279,837
19/02/2023 00:00:00,300287,10071,334,1,6,6
19/02/2023 00:00:00,300287,10081,789,1,5,5
19/02/2023 00:00:00,300287,10002,563,3,81,243
19/02/2023 00:00:00,300287,10043,347,2,450,900
19/02/2023 00:00:00,300288,10004,194,3,35,105
19/02/2023 00:00:00,300289,10015,120,2,1399,2798
19/02/2023 00:00:00,300289,10048,585,2,500,1000
19/02/2023 00:00:00,300290,10067,836,2,269,538
19/02/2023 00:00:00,300291,10014,363,1,1199,1199
19/02/2023 00:00:00,300291,10020,645,1,1499,1499
19/02/2023 00:00:00,300292,10061,460,2,1199,2398
19/02/2023 00:00:00,300292,10075,233,1,5,5
19/02/2023 00:00:00,300293,10016,573,1,1599,1599
19/02/2023 00:00:00,300294,10018,957,2,1099,2198
19/02/2023 00:00:00,300295,10080,571,3,6,18
19/02/2023 00:00:00,300295,10028,848,1,1500,1500
19/02/2023 00:00:00,300295,10068,323,1,279,279
19/02/2023 00:00:00,300295,10081,102,3,5,15
19/02/2023 00:00:00,300295,10021,878,3,799,2397
19/02/2023 00:00:00,300296,10005,446,1,36,36
19/02/2023 00:00:00,300296,10037,307,2,500,1000
19/02/2023 00:00:00,300296,10068,207,1,279,279
19/02/2023 00:00:00,300296,10019,134,3,1299,3897
19/02/2023 00:00:00,300296,10072,888,3,5,15
19/02/2023 00:00:00,300296,10066,205,3,149,447
20/02/2023 00:00:00,300297,10072,786,2,5,10
20/02/2023 00:00:00,300298,10013,659,3,157,471
20/02/2023 00:00:00,300299,10020,878,3,1499,4497
20/02/2023 00:00:00,300299,10042,141,1,1849,1849
20/02/2023 00:00:00,300299,10004,407,1,35,35
20/02/2023 00:00:00,300299,10051,953,3,900,2700
20/02/2023 00:00:00,300300,10067,534,1,269,269
20/02/2023 00:00:00,300301,10002,410,1,81,81
20/02/2023 00:00:00,300301,10027,561,2,109,218
20/02/2023 00:00:00,300302,10081,171,2,5,10
20/02/2023 00:00:00,300302,10056,667,3,999,2997
20/02/2023 00:00:00,300303,10002,862,3,81,243
21/02/2023 00:00:00,300304,10031,162,2,25,50
21/02/2023 00:00:00,300304,10049,897,2,450,900
21/02/2023 00:00:00,300305,10075,104,2,5,10
21/02/2023 00:00:00,300306,10024,420,2,199,398
21/02/2023 00:00:00,300306,10020,625,2,1499,2998
21/02/2023 00:00:00,300307,10044,93,3,750,2250
21/02/2023 00:00:00,300308,10040,953,3,949,2847
21/02/2023 00:00:00,300309,10074,63,1,6,6
21/02/2023 00:00:00,300310,10011,504,2,106,212
21/02/2023 00:00:00,300310,10085,48,3,6,18
21/02/2023 00:00:00,300310,10026,279,1,850,850
21/02/2023 00:00:00,300310,10062,626,2,1499,2998
21/02/2023 00:00:00,300310,10062,469,1,1499,1499
21/02/2023 00:00:00,300310,10068,804,1,279,279
21/02/2023 00:00:00,300311,10015,931,3,1399,4197
21/02/2023 00:00:00,300311,10023,133,2,1099,2198
21/02/2023 00:00:00,300311,10032,691,1,70,70
21/02/2023 00:00:00,300312,10015,933,2,1399,2798
21/02/2023 00:00:00,300312,10013,476,1,157,157
22/02/2023 00:00:00,300313,10012,865,2,70,140
22/02/2023 00:00:00,300313,10067,405,3,269,807
22/02/2023 00:00:00,300314,10048,732,3,500,1500
22/02/2023 00:00:00,300315,10002,324,3,81,243
22/02/2023 00:00:00,300316,10030,221,1,234,234
22/02/2023 00:00:00,300316,10005,571,1,36,36
22/02/2023 00:00:00,300317,10007,61,2,230,460
22/02/2023 00:00:00,300318,10080,551,3,6,18
22/02/2023 00:00:00,300318,10071,8,3,6,18
23/02/2023 00:00:00,300319,10048,814,2,500,1000
23/02/2023 00:00:00,300320,10014,854,1,1199,1199
23/02/2023 00:00:00,300320,10039,711,1,799,799
23/02/2023 00:00:00,300320,10016,386,1,1599,1599
24/02/2023 00:00:00,300321,10061,221,3,1199,3597
24/02/2023 00:00:00,300321,10076,511,1,7,7
24/02/2023 00:00:00,300322,10048,207,2,500,1000
24/02/2023 00:00:00,300323,10014,69,3,1199,3597
24/02/2023 00:00:00,300323,10049,173,1,450,450
24/02/2023 00:00:00,300323,10040,879,3,949,2847
24/02/2023 00:00:00,300324,10012,774,1,70,70
24/02/2023 00:00:00,300324,10022,961,3,899,2697
24/02/2023 00:00:00,300325,10036,170,1,111,111
24/02/2023 00:00:00,300325,10008,312,2,50,100
25/02/2023 00:00:00,300326,10049,492,3,450,1350
25/02/2023 00:00:00,300327,10015,340,3,1399,4197
25/02/2023 00:00:00,300327,10045,65,2,499,998
25/02/2023 00:00:00,300328,10042,114,3,1849,5547
25/02/2023 00:00:00,300328,10060,230,2,579,1158
25/02/2023 00:00:00,300328,10023,28,1,1099,1099
26/02/2023 00:00:00,300329,10040,400,2,949,1898
26/02/2023 00:00:00,300329,10025,216,3,399,1197
26/02/2023 00:00:00,300329,10033,836,1,295,295
26/02/2023 00:00:00,300330,10046,751,3,200,600
26/02/2023 00:00:00,300330,10079,633,3,7,21
26/02/2023 00:00:00,300331,10081,667,1,5,5
26/02/2023 00:00:00,300331,10047,827,1,300,300
26/02/2023 00:00:00,300331,10003,123,1,149,149
27/02/2023 00:00:00,300332,10065,370,3,399,1197
27/02/2023 00:00:00,300332,10068,645,1,279,279
27/02/2023 00:00:00,300332,10016,525,1,1599,1599
27/02/2023 00:00:00,300332,10007,493,2,230,460
27/02/2023 00:00:00,300332,10033,182,2,295,590
27/02/2023 00:00:00,300333,10024,787,1,199,199
27/02/2023 00:00:00,300334,10017,434,3,999,2997
27/02/2023 00:00:00,300334,10055,77,2,95,190
27/02/2023 00:00:00,300335,10047,297,2,300,600
28/02/2023 00:00:00,300336,10047,178,1,300,300
28/02/2023 00:00:00,300336,10038,62,1,379,379
28/02/2023 00:00:00,300337,10031,362,1,25,25
28/02/2023 00:00:00,300337,10011,507,1,106,106
28/02/2023 00:00:00,300338,10075,186,3,5,15
28/02/2023 00:00:00,300338,10076,808,1,7,7
28/02/2023 00:00:00,300338,10080,466,2,6,12
01/03/2023 00:00:00,300339,10008,172,3,50,150
01/03/2023 00:00:00,300340,10079,239,1,7,7
01/03/2023 00:00:00,300340,10044,650,3,750,2250
01/03/2023 00:00:00,300341,10083,819,1,50,50
01/03/2023 00:00:00,300341,10061,130,1,1199,1199
01/03/2023 00:00:00,300342,10066,817,3,149,447
01/03/2023 00:00:00,300342,10030,360,1,234,234
02/03/2023 00:00:00,300343,10048,224,1,500,500
02/03/2023 00:00:00,300343,10043,180,2,450,900
02/03/2023 00:00:00,300343,10050,884,3,700,2100
02/03/2023 00:00:00,300343,10015,732,2,1399,2798
02/03/2023 00:00:00,300343,10070,28,2,7,14
02/03/2023 00:00:00,300344,10016,220,1,1599,1599
02/03/2023 00:00:00,300345,10058,438,2,799,1598
02/03/2023 00:00:00,300345,10004,439,1,35,35
03/03/2023 00:00:00,300346,10011,493,1,106,106
03/03/2023 00:00:00,300346,10015,538,3,1399,4197
03/03/2023 00:00:00,300347,10002,29,3,81,243
03/03/2023 00:00:00,300347,10017,60,3,999,2997
03/03/2023 00:00:00,300348,10034,734,2,90,180
03/03/2023 00:00:00,300348,10044,372,3,750,2250
03/03/2023 00:00:00,300348,10013,497,3,157,471
03/03/2023 00:00:00,300348,10073,554,2,7,14
03/03/2023 00:00:00,300349,10067,647,3,269,807
04/03/2023 00:00:00,300350,10007,124,3,230,690
04/03/2023 00:00:00,300351,10083,938,1,50,50
04/03/2023 00:00:00,300351,10012,104,1,70,70
04/03/2023 00:00:00,300351,10073,278,2,7,14
04/03/2023 00:00:00,300352,10043,576,2,450,900
04/03/2023 00:00:00,300352,10058,494,2,799,1598
04/03/2023 00:00:00,300353,10050,896,3,700,2100
04/03/2023 00:00:00,300354,10074,934,1,6,6
04/03/2023 00:00:00,300354,10063,614,3,1799,5397
04/03/2023 00:00:00,300354,10038,698,1,379,379
04/03/2023 00:00:00,300355,10034,422,2,90,180
04/03/2023 00:00:00,300355,10077,719,1,6,6
04/03/2023 00:00:00,300356,10019,4,2,1299,2598
04/03/2023 00:00:00,300357,10014,501,1,1199,1199
04/03/2023 00:00:00,300358,10083,446,1,50,50
05/03/2023 00:00:00,300359,10016,582,1,1599,1599
05/03/2023 00:00:00,300360,10015,773,2,1399,2798
05/03/2023 00:00:00,300361,10018,394,1,1099,1099
05/03/2023 00:00:00,300362,10021,441,2,799,1598
05/03/2023 00:00:00,300362,10006,917,1,24,24
05/03/2023 00:00:00,300362,10022,717,2,899,1798
05/03/2023 00:00:00,300363,10079,715,1,7,7
05/03/2023 00:00:00,300363,10049,142,1,450,450
05/03/2023 00:00:00,300364,10025,95,1,399,399
05/03/2023 00:00:00,300365,10006,162,1,24,24
05/03/2023 00:00:00,300365,10026,276,3,850,2550
05/03/2023 00:00:00,300366,10074,958,2,6,12
05/03/2023 00:00:00,300367,10063,449,3,1799,5397
05/03/2023 00:00:00,300367,10073,550,2,7,14
05/03/2023 00:00:00,300368,10054,738,2,250,500
05/03/2023 00:00:00,300368,10017,871,2,999,1998
06/03/2023 00:00:00,300369,10072,491,3,5,15
06/03/2023 00:00:00,300369,10047,698,1,300,300
06/03/2023 00:00:00,300370,10008,454,2,50,100
06/03/2023 00:00:00,300370,10050,878,3,700,2100
06/03/2023 00:00:00,300370,10030,464,3,234,702
06/03/2023 00:00:00,300370,10005,768,3,36,108
07/03/2023 00:00:00,300371,10050,771,2,700,1400
07/03/2023 00:00:00,300372,10086,308,3,13,39
07/03/2023 00:00:00,300373,10082,141,2,20,40
07/03/2023 00:00:00,300374,10010,290,3,29,87
07/03/2023 00:00:00,300374,10085,471,1,6,6
07/03/2023 00:00:00,300374,10080,665,2,6,12
07/03/2023 00:00:00,300375,10067,616,1,269,269
07/03/2023 00:00:00,300375,10058,764,3,799,2397
07/03/2023 00:00:00,300376,10056,980,3,999,2997
07/03/2023 00:00:00,300376,10042,47,2,1849,3698
07/03/2023 00:00:00,300377,10072,251,1,5,5
07/03/2023 00:00:00,300378,10034,657,2,90,180
07/03/2023 00:00:00,300378,10034,381,2,90,180
07/03/2023 00:00:00,300378,10018,537,1,1099,1099
08/03/2023 00:00:00,300379,10040,60,3,949,2847
08/03/2023 00:00:00,300379,10026,813,1,850,850
08/03/2023 00:00:00,300380,10043,163,1,450,450
08/03/2023 00:00:00,300380,10076,807,3,7,21
08/03/2023 00:00:00,300380,10048,522,1,500,500
08/03/2023 00:00:00,300380,10013,14,2,157,314
08/03/2023 00:00:00,300381,10027,396,3,109,327
08/03/2023 00:00:00,300381,10004,657,2,35,70
08/03/2023 00:00:00,300382,10069,444,1,5,5
08/03/2023 00:00:00,300382,10038,102,3,379,1137
08/03/2023 00:00:00,300383,10080,335,2,6,12
08/03/2023 00:00:00,300384,10059,402,2,269,538
08/03/2023 00:00:00,300384,10081,305,2,5,10
08/03/2023 00:00:00,300385,10044,936,3,750,2250
08/03/2023 00:00:00,300386,10001,55,2,27,54
08/03/2023 00:00:00,300387,10072,626,3,5,15
08/03/2023 00:00:00,300387,10058,393,3,799,2397
08/03/2023 00:00:00,300387,10042,841,2,1849,3698
08/03/2023 00:00:00,300388,10061,792,3,1199,3597
09/03/2023 00:00:00,300389,10006,786,2,24,48
09/03/2023 00:00:00,300390,10031,79,3,25,75
09/03/2023 00:00:00,300390,10084,838,3,7,21
09/03/2023 00:00:00,300390,10023,590,1,1099,1099
09/03/2023 00:00:00,300390,10055,357,3,95,285
09/03/2023 00:00:00,300390,10029,970,1,44,44
09/03/2023 00:00:00,300390,10010,293,3,29,87
09/03/2023 00:00:00,300390,10051,460,1,900,900
09/03/2023 00:00:00,300391,10028,38,3,1500,4500
09/03/2023 00:00:00,300391,10016,697,1,1599,1599
09/03/2023 00:00:00,300391,10062,890,2,1499,2998
09/03/2023 00:00:00,300392,10081,780,1,5,5
09/03/2023 00:00:00,300392,10070,464,2,7,14
09/03/2023 00:00:00,300393,10014,928,1,1199,1199
09/03/2023 00:00:00,300394,10070,657,3,7,21
09/03/2023 00:00:00,300394,10051,987,3,900,2700
10/03/2023 00:00:00,300395,10022,279,3,899,2697
10/03/2023 00:00:00,300395,10041,35,1,749,749
10/03/2023 00:00:00,300395,10077,115,3,6,18
10/03/2023 00:00:00,300396,10074,293,1,6,6
10/03/2023 00:00:00,300397,10071,109,1,6,6
10/03/2023 00:00:00,300397,10041,454,3,749,2247
10/03/2023 00:00:00,300398,10026,729,1,850,850
10/03/2023 00:00:00,300398,10008,529,3,50,150
10/03/2023 00:00:00,300399,10061,118,2,1199,2398
10/03/2023 00:00:00,300399,10005,271,2,36,72
10/03/2023 00:00:00,300399,10019,341,2,1299,2598
11/03/2023 00:00:00,300400,10066,197,2,149,298
11/03/2023 00:00:00,300401,10025,422,3,399,1197
11/03/2023 00:00:00,300401,10041,245,1,749,749
11/03/2023 00:00:00,300401,10082,191,1,20,20
11/03/2023 00:00:00,300401,10079,15,1,7,7
11/03/2023 00:00:00,300402,10062,315,2,1499,2998
11/03/2023 00:00:00,300403,10041,643,1,749,749
11/03/2023 00:00:00,300404,10056,253,1,999,999
11/03/2023 00:00:00,300404,10002,182,2,81,162
11/03/2023 00:00:00,300404,10081,172,3,5,15
12/03/2023 00:00:00,300405,10023,541,3,1099,3297
12/03/2023 00:00:00,300405,10020,267,3,1499,4497
12/03/2023 00:00:00,300405,10046,748,2,200,400
12/03/2023 00:00:00,300405,10077,751,3,6,18
13/03/2023 00:00:00,300406,10084,968,2,7,14
13/03/2023 00:00:00,300406,10032,245,1,70,70
13/03/2023 00:00:00,300407,10032,724,3,70,210
13/03/2023 00:00:00,300407,10060,824,3,579,1737
13/03/2023 00:00:00,300408,10080,279,2,6,12
13/03/2023 00:00:00,300408,10041,998,1,749,749
13/03/2023 00:00:00,300409,10053,710,1,90,90
13/03/2023 00:00:00,300410,10010,41,2,29,58
13/03/2023 00:00:00,300410,10032,821,3,70,210
14/03/2023 00:00:00,300411,10080,142,3,6,18
14/03/2023 00:00:00,300412,10022,957,3,899,2697
14/03/2023 00:00:00,300412,10047,950,2,300,600
14/03/2023 00:00:00,300412,10034,381,3,90,270
14/03/2023 00:00:00,300413,10062,311,2,1499,2998
14/03/2023 00:00:00,300413,10032,284,3,70,210
14/03/2023 00:00:00,300413,10042,510,1,1849,1849
14/03/2023 00:00:00,300414,10014,956,2,1199,2398
15/03/2023 00:00:00,300415,10070,248,2,7,14
15/03/2023 00:00:00,300416,10007,726,3,230,690
15/03/2023 00:00:00,300417,10008,77,1,50,50
15/03/2023 00:00:00,300417,10001,958,1,27,27
15/03/2023 00:00:00,300417,10021,69,2,799,1598
15/03/2023 00:00:00,300417,10059,819,3,269,807
15/03/2023 00:00:00,300418,10068,87,3,279,837
15/03/2023 00:00:00,300419,10060,176,3,579,1737
16/03/2023 00:00:00,300420,10075,330,2,5,10
16/03/2023 00:00:00,300421,10069,447,2,5,10
16/03/2023 00:00:00,300421,10078,92,3,5,15
16/03/2023 00:00:00,300422,10066,299,3,149,447
16/03/2023 00:00:00,300423,10053,141,2,90,180
16/03/2023 00:00:00,300423,10046,15,1,200,200
16/03/2023 00:00:00,300423,10014,212,1,1199,1199
16/03/2023 00:00:00,300424,10003,595,3,149,447
16/03/2023 00:00:00,300425,10011,529,3,106,318
17/03/2023 00:00:00,300426,10016,689,1,1599,1599
17/03/2023 00:00:00,300427,10015,994,1,1399,1399
17/03/2023 00:00:00,300427,10049,755,3,450,1350
17/03/2023 00:00:00,300427,10040,372,2,949,1898
17/03/2023 00:00:00,300428,10074,313,1,6,6
17/03/2023 00:00:00,300429,10066,759,3,149,447
17/03/2023 00:00:00,300429,10027,940,1,109,109
17/03/2023 00:00:00,300429,10079,425,3,7,21
17/03/2023 00:00:00,300429,10038,828,2,379,758
17/03/2023 00:00:00,300430,10043,711,2,450,900
17/03/2023 00:00:00,300430,10085,551,3,6,18
17/03/2023 00:00:00,300431,10037,310,1,500,500
17/03/2023 00:00:00,300431,10025,141,2,399,798
17/03/2023 00:00:00,300432,10020,629,2,1499,2998
17/03/2023 00:00:00,300432,10027,326,3,109,327
18/03/2023 00:00:00,300433,10042,314,3,1849,5547
18/03/2023 00:00:00,300433,10074,42,3,6,18
18/03/2023 00:00:00,300433,10048,20,2,500,1000
18/03/2023 00:00:00,300434,10032,564,1,70,70
18/03/2023 00:00:00,300434,10078,270,1,5,5
18/03/2023 00:00:00,300435,10011,599,1,106,106
18/03/2023 00:00:00,300436,10015,616,1,1399,1399
18/03/2023 00:00:00,300437,10068,248,1,279,279
18/03/2023 00:00:00,300437,10071,954,1,6,6
18/03/2023 00:00:00,300438,10044,933,3,750,2250
18/03/2023 00:00:00,300439,10078,753,3,5,15
18/03/2023 00:00:00,300439,10015,636,2,1399,2798
19/03/2023 00:00:00,300440,10039,159,3,799,2397
19/03/2023 00:00:00,300440,10049,604,2,450,900
19/03/2023 00:00:00,300440,10010,459,2,29,58
19/03/2023 00:00:00,300441,10022,825,2,899,1798
19/03/2023 00:00:00,300442,10063,747,3,1799,5397
20/03/2023 00:00:00,300443,10075,116,2,5,10
20/03/2023 00:00:00,300444,10034,545,3,90,270
20/03/2023 00:00:00,300445,10024,609,3,199,597
20/03/2023 00:00:00,300445,10019,908,2,1299,2598
21/03/2023 00:00:00,300446,10007,147,1,230,230
21/03/2023 00:00:00,300447,10046,641,1,200,200
21/03/2023 00:00:00,300447,10086,874,2,13,26
22/03/2023 00:00:00,300448,10027,449,3,109,327
22/03/2023 00:00:00,300449,10025,197,3,399,1197
23/03/2023 00:00:00,300450,10042,327,3,1849,5547
23/03/2023 00:00:00,300450,10062,804,1,1499,1499
23/03/2023 00:00:00,300451,10054,822,1,250,250
23/03/2023 00:00:00,300451,10072,22,3,5,15
23/03/2023 00:00:00,300451,10083,405,3,50,150
23/03/2023 00:00:00,300452,10002,743,3,81,243
23/03/2023 00:00:00,300452,10016,975,2,1599,3198
23/03/2023 00:00:00,300452,10014,145,2,1199,2398
23/03/2023 00:00:00,300452,10007,361,2,230,460
23/03/2023 00:00:00,300453,10064,195,2,1249,2498
23/03/2023 00:00:00,300454,10081,301,1,5,5
23/03/2023 00:00:00,300455,10046,535,2,200,400
23/03/2023 00:00:00,300456,10076,195,3,7,21
23/03/2023 00:00:00,300456,10011,410,2,106,212
23/03/2023 00:00:00,300456,10035,792,2,52,104
23/03/2023 00:00:00,300456,10022,518,3,899,2697
24/03/2023 00:00:00,300457,10060,355,3,579,1737
24/03/2023 00:00:00,300457,10031,525,3,25,75
24/03/2023 00:00:00,300458,10065,829,1,399,399
24/03/2023 00:00:00,300459,10052,893,3,300,900
24/03/2023 00:00:00,300460,10043,660,1,450,450
24/03/2023 00:00:00,300461,10054,557,3,250,750
24/03/2023 00:00:00,300462,10007,583,1,230,230
24/03/2023 00:00:00,300462,10024,256,3,199,597
24/03/2023 00:00:00,300463,10020,183,2,1499,2998
24/03/2023 00:00:00,300463,10051,529,2,900,1800
24/03/2023 00:00:00,300463,10042,797,3,1849,5547
25/03/2023 00:00:00,300464,10059,324,2,269,538
25/03/2023 00:00:00,300464,10032,652,1,70,70
25/03/2023 00:00:00,300464,10031,71,1,25,25
25/03/2023 00:00:00,300465,10013,798,3,157,471
25/03/2023 00:00:00,300466,10015,903,2,1399,2798
25/03/2023 00:00:00,300466,10032,314,2,70,140
25/03/2023 00:00:00,300466,10058,87,3,799,2397
25/03/2023 00:00:00,300466,10078,187,2,5,10
25/03/2023 00:00:00,300466,10071,70,1,6,6
25/03/2023 00:00:00,300467,10025,25,1,399,399
25/03/2023 00:00:00,300468,10067,181,1,269,269
25/03/2023 00:00:00,300468,10019,407,1,1299,1299
25/03/2023 00:00:00,300469,10086,737,1,13,13
25/03/2023 00:00:00,300470,10065,436,2,399,798
25/03/2023 00:00:00,300470,10007,613,3,230,690
25/03/2023 00:00:00,300471,10080,812,2,6,12
26/03/2023 00:00:00,300472,10058,142,2,799,1598
26/03/2023 00:00:00,300473,10083,126,2,50,100
26/03/2023 00:00:00,300474,10004,539,3,35,105
26/03/2023 00:00:00,300475,10078,44,1,5,5
26/03/2023 00:00:00,300476,10029,618,2,44,88
26/03/2023 00:00:00,300476,10011,838,2,106,212
26/03/2023 00:00:00,300477,10042,995,3,1849,5547
27/03/2023 00:00:00,300478,10001,261,1,27,27
27/03/2023 00:00:00,300479,10050,888,1,700,700
27/03/2023 00:00:00,300480,10009,774,2,80,160
27/03/2023 00:00:00,300480,10002,32,3,81,243
27/03/2023 00:00:00,300481,10064,988,2,1249,2498
27/03/2023 00:00:00,300482,10049,320,2,450,900
27/03/2023 00:00:00,300483,10060,508,2,579,1158
27/03/2023 00:00:00,300483,10057,295,2,1099,2198
27/03/2023 00:00:00,300483,10024,393,1,199,199
27/03/2023 00:00:00,300483,10023,537,2,1099,2198
27/03/2023 00:00:00,300483,10019,337,1,1299,1299
27/03/2023 00:00:00,300484,10077,139,3,6,18
27/03/2023 00:00:00,300484,10012,974,1,70,70
28/03/2023 00:00:00,300485,10072,466,2,5,10
28/03/2023 00:00:00,300486,10068,223,3,279,837
28/03/2023 00:00:00,300486,10059,620,1,269,269
28/03/2023 00:00:00,300486,10054,165,3,250,750
28/03/2023 00:00:00,300486,10064,158,1,1249,1249
28/03/2023 00:00:00,300487,10033,402,1,295,295
28/03/2023 00:00:00,300487,10058,773,1,799,799
28/03/2023 00:00:00,300488,10050,859,2,700,1400
28/03/2023 00:00:00,300489,10017,301,2,999,1998
29/03/2023 00:00:00,300490,10059,187,1,269,269
29/03/2023 00:00:00,300491,10026,984,2,850,1700
29/03/2023 00:00:00,300492,10020,749,1,1499,1499
29/03/2023 00:00:00,300493,10078,394,3,5,15
29/03/2023 00:00:00,300493,10072,779,3,5,15
29/03/2023 00:00:00,300494,10026,716,3,850,2550
29/03/2023 00:00:00,300495,10075,644,1,5,5
29/03/2023 00:00:00,300496,10053,7,3,90,270
30/03/2023 00:00:00,300497,10062,128,2,1499,2998
30/03/2023 00:00:00,300497,10031,736,2,25,50
30/03/2023 00:00:00,300498,10033,165,1,295,295
30/03/2023 00:00:00,300498,10014,634,3,1199,3597
30/03/2023 00:00:00,300498,10047,804,1,300,300
30/03/2023 00:00:00,300499,10052,44,3,300,900
30/03/2023 00:00:00,300499,10020,669,1,1499,1499
30/03/2023 00:00:00,300500,10072,143,2,5,10
31/03/2023 00:00:00,300501,10044,527,2,750,1500
31/03/2023 00:00:00,300501,10014,479,1,1199,1199
31/03/2023 00:00:00,300502,10066,595,3,149,447
31/03/2023 00:00:00,300503,10044,866,2,750,1500
31/03/2023 00:00:00,300503,10005,916,3,36,108
31/03/2023 00:00:00,300504,10066,967,2,149,298
31/03/2023 00:00:00,300505,10039,13,3,799,2397
31/03/2023 00:00:00,300505,10026,802,3,850,2550
31/03/2023 00:00:00,300506,10070,722,3,7,21
01/04/2023 00:00:00,300507,10048,563,3,500,1500
01/04/2023 00:00:00,300507,10019,941,2,1299,2598
01/04/2023 00:00:00,300508,10065,888,2,399,798
01/04/2023 00:00:00,300508,10051,112,2,900,1800
01/04/2023 00:00:00,300508,10086,271,2,13,26
01/04/2023 00:00:00,300509,10074,376,1,6,6
01/04/2023 00:00:00,300509,10056,838,1,999,999
01/04/2023 00:00:00,300510,10049,96,1,450,450
01/04/2023 00:00:00,300510,10040,935,1,949,949
01/04/2023 00:00:00,300511,10066,55,2,149,298
02/04/2023 00:00:00,300512,10038,843,3,379,1137
02/04/2023 00:00:00,300512,10086,763,1,13,13
02/04/2023 00:00:00,300512,10085,245,2,6,12
02/04/2023 00:00:00,300513,10080,153,2,6,12
02/04/2023 00:00:00,300514,10056,585,1,999,999
02/04/2023 00:00:00,300515,10082,337,2,20,40
02/04/2023 00:00:00,300516,10058,353,2,799,1598
03/04/2023 00:00:00,300517,10027,886,2,109,218
03/04/2023 00:00:00,300518,10076,682,1,7,7
03/04/2023 00:00:00,300519,10020,574,2,1499,2998
03/04/2023 00:00:00,300519,10009,981,1,80,80
03/04/2023 00:00:00,300519,10005,270,1,36,36
03/04/2023 00:00:00,300519,10082,878,3,20,60
03/04/2023 00:00:00,300520,10068,473,2,279,558
03/04/2023 00:00:00,300521,10071,544,3,6,18
03/04/2023 00:00:00,300521,10008,627,1,50,50
03/04/2023 00:00:00,300522,10012,335,3,70,210
03/04/2023 00:00:00,300523,10027,723,1,109,109
04/04/2023 00:00:00,300524,10019,725,2,1299,2598
04/04/2023 00:00:00,300525,10063,587,1,1799,1799
04/04/2023 00:00:00,300526,10051,904,2,900,1800
05/04/2023 00:00:00,300527,10069,734,1,5,5
05/04/2023 00:00:00,300527,10045,8,1,499,499
05/04/2023 00:00:00,300528,10044,340,2,750,1500
05/04/2023 00:00:00,300529,10018,584,2,1099,2198
05/04/2023 00:00:00,300529,10040,86,1,949,949
05/04/2023 00:00:00,300529,10051,131,2,900,1800
05/04/2023 00:00:00,300529,10056,315,2,999,1998
05/04/2023 00:00:00,300530,10009,708,3,80,240
05/04/2023 00:00:00,300531,10073,511,3,7,21
05/04/2023 00:00:00,300532,10052,473,2,300,600
06/04/2023 00:00:00,300533,10016,416,1,1599,1599
06/04/2023 00:00:00,300533,10062,907,2,1499,2998
06/04/2023 00:00:00,300533,10082,945,3,20,60
06/04/2023 00:00:00,300534,10046,749,1,200,200
07/04/2023 00:00:00,300535,10004,90,1,35,35
07/04/2023 00:00:00,300535,10078,459,1,5,5
07/04/2023 00:00:00,300536,10034,300,3,90,270
07/04/2023 00:00:00,300537,10068,963,1,279,279
07/04/2023 00:00:00,300537,10009,641,2,80,160
07/04/2023 00:00:00,300537,10074,378,2,6,12
07/04/2023 00:00:00,300538,10079,564,2,7,14
07/04/2023 00:00:00,300538,10042,913,3,1849,5547
07/04/2023 00:00:00,300539,10061,836,1,1199,1199
07/04/2023 00:00:00,300540,10009,390,2,80,160
08/04/2023 00:00:00,300541,10064,542,3,1249,3747
08/04/2023 00:00:00,300542,10086,168,3,13,39
08/04/2023 00:00:00,300542,10049,467,2,450,900
08/04/2023 00:00:00,300543,10077,656,1,6,6
08/04/2023 00:00:00,300544,10056,133,3,999,2997
08/04/2023 00:00:00,300545,10051,883,1,900,900
08/04/2023 00:00:00,300546,10060,728,3,579,1737
08/04/2023 00:00:00,300547,10027,740,1,109,109
08/04/2023 00:00:00,300547,10028,638,3,1500,4500
08/04/2023 00:00:00,300547,10041,451,2,749,1498
08/04/2023 00:00:00,300548,10083,723,3,50,150
08/04/2023 00:00:00,300548,10005,284,3,36,108
08/04/2023 00:00:00,300548,10030,945,2,234,468
09/04/2023 00:00:00,300549,10074,692,1,6,6
09/04/2023 00:00:00,300549,10065,185,1,399,399
09/04/2023 00:00:00,300549,10065,387,1,399,399
09/04/2023 00:00:00,300549,10067,750,1,269,269
09/04/2023 00:00:00,300549,10086,619,3,13,39
09/04/2023 00:00:00,300550,10063,228,3,1799,5397
09/04/2023 00:00:00,300551,10041,821,2,749,1498
09/04/2023 00:00:00,300552,10022,323,2,899,1798
09/04/2023 00:00:00,300553,10078,275,3,5,15
09/04/2023 00:00:00,300553,10050,990,2,700,1400
09/04/2023 00:00:00,300553,10012,122,3,70,210
10/04/2023 00:00:00,300554,10086,419,2,13,26
10/04/2023 00:00:00,300555,10051,415,2,900,1800
10/04/2023 00:00:00,300555,10045,350,3,499,1497
10/04/2023 00:00:00,300555,10063,323,2,1799,3598
10/04/2023 00:00:00,300555,10046,78,1,200,200
10/04/2023 00:00:00,300555,10068,939,2,279,558
11/04/2023 00:00:00,300556,10011,612,1,106,106
11/04/2023 00:00:00,300557,10028,58,3,1500,4500
11/04/2023 00:00:00,300558,10049,379,2,450,900
11/04/2023 00:00:00,300558,10029,921,2,44,88
12/04/2023 00:00:00,300559,10019,682,3,1299,3897
12/04/2023 00:00:00,300560,10068,74,2,279,558
12/04/2023 00:00:00,300561,10044,437,2,750,1500
12/04/2023 00:00:00,300562,10072,860,3,5,15
12/04/2023 00:00:00,300563,10048,113,3,500,1500
12/04/2023 00:00:00,300564,10049,468,1,450,450
12/04/2023 00:00:00,300565,10011,202,2,106,212
12/04/2023 00:00:00,300566,10035,245,3,52,156
12/04/2023 00:00:00,300566,10019,722,2,1299,2598
12/04/2023 00:00:00,300566,10002,47,1,81,81
12/04/2023 00:00:00,300566,10073,448,1,7,7
13/04/2023 00:00:00,300567,10045,198,1,499,499
13/04/2023 00:00:00,300567,10028,649,3,1500,4500
13/04/2023 00:00:00,300567,10032,687,1,70,70
13/04/2023 00:00:00,300567,10022,316,2,899,1798
13/04/2023 00:00:00,300568,10024,635,3,199,597
13/04/2023 00:00:00,300569,10019,824,3,1299,3897
13/04/2023 00:00:00,300570,10016,773,3,1599,4797
13/04/2023 00:00:00,300570,10002,671,1,81,81
13/04/2023 00:00:00,300571,10017,679,3,999,2997
13/04/2023 00:00:00,300572,10077,943,3,6,18
13/04/2023 00:00:00,300572,10057,821,1,1099,1099
13/04/2023 00:00:00,300572,10058,991,3,799,2397
14/04/2023 00:00:00,300573,10079,902,2,7,14
14/04/2023 00:00:00,300573,10068,392,1,279,279
14/04/2023 00:00:00,300574,10041,297,2,749,1498
14/04/2023 00:00:00,300575,10043,750,1,450,450
14/04/2023 00:00:00,300575,10049,359,3,450,1350
14/04/2023 00:00:00,300575,10051,128,2,900,1800
14/04/2023 00:00:00,300575,10008,778,3,50,150
14/04/2023 00:00:00,300575,10063,481,1,1799,1799
14/04/2023 00:00:00,300576,10081,980,1,5,5
14/04/2023 00:00:00,300577,10049,89,3,450,1350
14/04/2023 00:00:00,300577,10005,15,3,36,108
14/04/2023 00:00:00,300577,10008,328,2,50,100
14/04/2023 00:00:00,300577,10016,301,3,1599,4797
15/04/2023 00:00:00,300578,10019,5,2,1299,2598
15/04/2023 00:00:00,300578,10027,471,2,109,218
15/04/2023 00:00:00,300578,10073,763,1,7,7
15/04/2023 00:00:00,300578,10067,469,3,269,807
15/04/2023 00:00:00,300579,10008,964,3,50,150
15/04/2023 00:00:00,300580,10023,944,2,1099,2198
15/04/2023 00:00:00,300580,10036,234,1,111,111
15/04/2023 00:00:00,300580,10080,621,1,6,6
15/04/2023 00:00:00,300581,10021,602,1,799,799
15/04/2023 00:00:00,300582,10033,141,2,295,590
15/04/2023 00:00:00,300582,10075,797,2,5,10
15/04/2023 00:00:00,300582,10012,799,1,70,70
15/04/2023 00:00:00,300582,10039,776,3,799,2397
15/04/2023 00:00:00,300583,10083,322,3,50,150
15/04/2023 00:00:00,300584,10067,540,1,269,269
15/04/2023 00:00:00,300585,10054,316,1,250,250
16/04/2023 00:00:00,300586,10037,109,1,500,500
16/04/2023 00:00:00,300586,10005,881,1,36,36
16/04/2023 00:00:00,300587,10030,17,2,234,468
16/04/2023 00:00:00,300588,10051,59,1,900,900
17/04/2023 00:00:00,300589,10060,716,1,579,579
17/04/2023 00:00:00,300589,10066,806,3,149,447
17/04/2023 00:00:00,300589,10056,374,3,999,2997
18/04/2023 00:00:00,300590,10067,373,1,269,269
18/04/2023 00:00:00,300591,10002,927,3,81,243
18/04/2023 00:00:00,300592,10036,906,1,111,111
18/04/2023 00:00:00,300593,10043,301,3,450,1350
18/04/2023 00:00:00,300593,10018,294,1,1099,1099
18/04/2023 00:00:00,300593,10065,629,2,399,798
18/04/2023 00:00:00,300593,10016,309,3,1599,4797
18/04/2023 00:00:00,300593,10077,283,1,6,6
19/04/2023 00:00:00,300594,10039,254,1,799,799
19/04/2023 00:00:00,300594,10054,923,2,250,500
19/04/2023 00:00:00,300595,10010,900,3,29,87
19/04/2023 00:00:00,300596,10045,753,2,499,998
19/04/2023 00:00:00,300597,10052,470,3,300,900
19/04/2023 00:00:00,300598,10054,601,1,250,250
19/04/2023 00:00:00,300598,10078,530,1,5,5
20/04/2023 00:00:00,300599,10026,948,3,850,2550
20/04/2023 00:00:00,300599,10056,64,2,999,1998
20/04/2023 00:00:00,300600,10071,164,3,6,18
20/04/2023 00:00:00,300600,10029,972,1,44,44
20/04/2023 00:00:00,300600,10022,950,2,899,1798
20/04/2023 00:00:00,300601,10042,487,1,1849,1849
20/04/2023 00:00:00,300602,10057,988,3,1099,3297
20/04/2023 00:00:00,300602,10027,200,1,109,109
20/04/2023 00:00:00,300603,10050,80,2,700,1400
20/04/2023 00:00:00,300604,10041,663,1,749,749
21/04/2023 00:00:00,300605,10073,911,1,7,7
21/04/2023 00:00:00,300606,10060,24,1,579,579
21/04/2023 00:00:00,300606,10022,85,3,899,2697
21/04/2023 00:00:00,300606,10035,931,3,52,156
21/04/2023 00:00:00,300606,10043,368,3,450,1350
21/04/2023 00:00:00,300607,10076,663,3,7,21
21/04/2023 00:00:00,300608,10061,896,1,1199,1199
21/04/2023 00:00:00,300608,10039,617,2,799,1598
21/04/2023 00:00:00,300609,10025,987,2,399,798
21/04/2023 00:00:00,300610,10057,242,3,1099,3297
21/04/2023 00:00:00,300610,10025,100,1,399,399
21/04/2023 00:00:00,300610,10045,754,1,499,499
22/04/2023 00:00:00,300611,10082,252,3,20,60
22/04/2023 00:00:00,300612,10023,787,3,1099,3297
22/04/2023 00:00:00,300612,10027,236,2,109,218
22/04/2023 00:00:00,300613,10061,123,3,1199,3597
22/04/2023 00:00:00,300614,10065,327,3,399,1197
22/04/2023 00:00:00,300614,10065,139,3,399,1197
22/04/2023 00:00:00,300615,10081,246,2,5,10
22/04/2023 00:00:00,300615,10059,766,2,269,538
22/04/2023 00:00:00,300616,10020,393,2,1499,2998
22/04/2023 00:00:00,300617,10046,493,3,200,600
22/04/2023 00:00:00,300618,10030,483,2,234,468
22/04/2023 00:00:00,300619,10051,18,1,900,900
23/04/2023 00:00:00,300620,10076,310,3,7,21
23/04/2023 00:00:00,300620,10022,872,2,899,1798
23/04/2023 00:00:00,300621,10016,876,2,1599,3198
23/04/2023 00:00:00,300621,10068,534,1,279,279
23/04/2023 00:00:00,300622,10017,235,1,999,999
23/04/2023 00:00:00,300623,10020,609,2,1499,2998
23/04/2023 00:00:00,300624,10005,474,2,36,72
23/04/2023 00:00:00,300624,10032,412,3,70,210
23/04/2023 00:00:00,300624,10073,846,2,7,14
23/04/2023 00:00:00,300624,10007,372,2,230,460
23/04/2023 00:00:00,300624,10031,228,1,25,25
23/04/2023 00:00:00,300624,10001,980,3,27,81
23/04/2023 00:00:00,300624,10014,257,1,1199,1199
23/04/2023 00:00:00,300624,10005,293,3,36,108
23/04/2023 00:00:00,300624,10069,605,2,5,10
23/04/2023 00:00:00,300624,10027,88,1,109,109
23/04/2023 00:00:00,300625,10033,996,3,295,885
23/04/2023 00:00:00,300625,10079,493,3,7,21
23/04/2023 00:00:00,300626,10008,963,3,50,150
23/04/2023 00:00:00,300627,10076,504,1,7,7
23/04/2023 00:00:00,300628,10061,14,1,1199,1199
23/04/2023 00:00:00,300629,10019,318,3,1299,3897
23/04/2023 00:00:00,300629,10079,543,3,7,21
23/04/2023 00:00:00,300629,10042,309,3,1849,5547
24/04/2023 00:00:00,300630,10017,986,3,999,2997
24/04/2023 00:00:00,300631,10026,928,3,850,2550
24/04/2023 00:00:00,300632,10059,508,1,269,269
24/04/2023 00:00:00,300632,10022,859,1,899,899
24/04/2023 00:00:00,300633,10030,700,1,234,234
24/04/2023 00:00:00,300633,10025,533,2,399,798
24/04/2023 00:00:00,300633,10076,174,2,7,14
24/04/2023 00:00:00,300634,10059,486,1,269,269
24/04/2023 00:00:00,300634,10050,742,3,700,2100
24/04/2023 00:00:00,300635,10059,89,1,269,269
24/04/2023 00:00:00,300635,10080,249,1,6,6
24/04/2023 00:00:00,300636,10066,849,2,149,298
24/04/2023 00:00:00,300636,10029,173,3,44,132
25/04/2023 00:00:00,300637,10008,82,3,50,150
25/04/2023 00:00:00,300637,10010,672,3,29,87
25/04/2023 00:00:00,300637,10036,140,3,111,333
25/04/2023 00:00:00,300637,10075,217,2,5,10
25/04/2023 00:00:00,300638,10035,587,3,52,156
25/04/2023 00:00:00,300639,10009,822,3,80,240
25/04/2023 00:00:00,300639,10026,946,1,850,850
25/04/2023 00:00:00,300639,10068,297,2,279,558
25/04/2023 00:00:00,300640,10013,815,1,157,157
25/04/2023 00:00:00,300641,10012,473,1,70,70
25/04/2023 00:00:00,300641,10046,319,2,200,400
25/04/2023 00:00:00,300642,10069,771,1,5,5
25/04/2023 00:00:00,300643,10014,420,1,1199,1199
26/04/2023 00:00:00,300644,10025,263,1,399,399
26/04/2023 00:00:00,300644,10084,536,3,7,21
26/04/2023 00:00:00,300645,10061,72,2,1199,2398
26/04/2023 00:00:00,300645,10067,711,2,269,538
26/04/2023 00:00:00,300646,10012,21,3,70,210
26/04/2023 00:00:00,300646,10019,641,2,1299,2598
26/04/2023 00:00:00,300646,10077,143,3,6,18
26/04/2023 00:00:00,300647,10011,431,1,106,106
26/04/2023 00:00:00,300648,10061,971,2,1199,2398
26/04/2023 00:00:00,300649,10076,998,2,7,14
26/04/2023 00:00:00,300649,10074,626,2,6,12
26/04/2023 00:00:00,300650,10028,170,1,1500,1500
27/04/2023 00:00:00,300651,10030,126,1,234,234
27/04/2023 00:00:00,300651,10055,217,2,95,190
27/04/2023 00:00:00,300652,10084,524,2,7,14
27/04/2023 00:00:00,300653,10074,849,3,6,18
27/04/2023 00:00:00,300653,10028,166,1,1500,1500
27/04/2023 00:00:00,300653,10058,753,3,799,2397
27/04/2023 00:00:00,300653,10047,115,1,300,300
27/04/2023 00:00:00,300654,10022,486,1,899,899
27/04/2023 00:00:00,300655,10078,695,2,5,10
27/04/2023 00:00:00,300655,10010,877,1,29,29
27/04/2023 00:00:00,300655,10036,973,1,111,111
27/04/2023 00:00:00,300656,10014,453,3,1199,3597
27/04/2023 00:00:00,300656,10052,618,1,300,300
27/04/2023 00:00:00,300656,10072,839,3,5,15
27/04/2023 00:00:00,300656,10033,548,1,295,295
27/04/2023 00:00:00,300657,10010,41,2,29,58
28/04/2023 00:00:00,300658,10021,899,2,799,1598
28/04/2023 00:00:00,300658,10076,396,1,7,7
28/04/2023 00:00:00,300658,10064,79,3,1249,3747
28/04/2023 00:00:00,300659,10061,647,3,1199,3597
28/04/2023 00:00:00,300660,10049,536,2,450,900
28/04/2023 00:00:00,300661,10027,1000,3,109,327
28/04/2023 00:00:00,300661,10052,167,2,300,600
28/04/2023 00:00:00,300661,10052,263,1,300,300
28/04/2023 00:00:00,300661,10079,288,2,7,14
28/04/2023 00:00:00,300661,10083,966,2,50,100
28/04/2023 00:00:00,300661,10006,935,1,24,24
28/04/2023 00:00:00,300661,10030,682,1,234,234
28/04/2023 00:00:00,300661,10030,210,1,234,234
28/04/2023 00:00:00,300661,10019,682,2,1299,2598
28/04/2023 00:00:00,300661,10031,91,1,25,25
28/04/2023 00:00:00,300661,10012,395,1,70,70
28/04/2023 00:00:00,300661,10008,466,2,50,100
28/04/2023 00:00:00,300662,10062,274,1,1499,1499
28/04/2023 00:00:00,300662,10029,845,3,44,132
28/04/2023 00:00:00,300663,10061,475,2,1199,2398
29/04/2023 00:00:00,300664,10049,925,3,450,1350
29/04/2023 00:00:00,300664,10083,670,1,50,50
29/04/2023 00:00:00,300665,10032,354,3,70,210
29/04/2023 00:00:00,300665,10040,561,2,949,1898
29/04/2023 00:00:00,300666,10085,241,1,6,6
29/04/2023 00:00:00,300666,10078,143,3,5,15
29/04/2023 00:00:00,300666,10079,100,3,7,21
29/04/2023 00:00:00,300666,10069,930,2,5,10
29/04/2023 00:00:00,300666,10057,629,1,1099,1099
29/04/2023 00:00:00,300666,10058,664,1,799,799
29/04/2023 00:00:00,300667,10024,905,3,199,597
29/04/2023 00:00:00,300667,10021,149,2,799,1598
30/04/2023 00:00:00,300668,10009,195,1,80,80
30/04/2023 00:00:00,300668,10059,365,1,269,269
30/04/2023 00:00:00,300669,10059,407,2,269,538
30/04/2023 00:00:00,300670,10013,447,1,157,157
30/04/2023 00:00:00,300671,10004,362,1,35,35
30/04/2023 00:00:00,300671,10035,729,2,52,104
30/04/2023 00:00:00,300671,10025,766,3,399,1197
01/05/2023 00:00:00,300672,10072,739,3,5,15
01/05/2023 00:00:00,300672,10055,173,2,95,190
01/05/2023 00:00:00,300672,10016,799,3,1599,4797
01/05/2023 00:00:00,300672,10076,25,1,7,7
01/05/2023 00:00:00,300672,10029,232,1,44,44
01/05/2023 00:00:00,300673,10037,685,3,500,1500
01/05/2023 00:00:00,300673,10070,466,2,7,14
01/05/2023 00:00:00,300673,10045,394,2,499,998
01/05/2023 00:00:00,300673,10058,778,1,799,799
01/05/2023 00:00:00,300673,10039,783,2,799,1598
01/05/2023 00:00:00,300673,10037,651,1,500,500
01/05/2023 00:00:00,300673,10012,192,2,70,140
01/05/2023 00:00:00,300673,10004,358,1,35,35
01/05/2023 00:00:00,300674,10028,718,3,1500,4500
01/05/2023 00:00:00,300674,10005,623,3,36,108
01/05/2023 00:00:00,300675,10086,132,1,13,13
01/05/2023 00:00:00,300675,10004,572,1,35,35
01/05/2023 00:00:00,300675,10030,850,3,234,702
01/05/2023 00:00:00,300675,10059,186,1,269,269
01/05/2023 00:00:00,300676,10057,869,3,1099,3297
01/05/2023 00:00:00,300676,10027,290,3,109,327
01/05/2023 00:00:00,300677,10030,201,3,234,702
02/05/2023 00:00:00,300678,10015,171,3,1399,4197
02/05/2023 00:00:00,300678,10071,850,2,6,12
02/05/2023 00:00:00,300678,10080,125,1,6,6
02/05/2023 00:00:00,300678,10001,110,1,27,27
02/05/2023 00:00:00,300678,10038,649,2,379,758
02/05/2023 00:00:00,300678,10011,709,3,106,318
02/05/2023 00:00:00,300678,10001,941,3,27,81
02/05/2023 00:00:00,300678,10028,178,2,1500,3000
02/05/2023 00:00:00,300678,10048,731,3,500,1500
02/05/2023 00:00:00,300679,10007,436,1,230,230
02/05/2023 00:00:00,300679,10007,915,2,230,460
02/05/2023 00:00:00,300679,10050,983,1,700,700
02/05/2023 00:00:00,300680,10018,918,3,1099,3297
02/05/2023 00:00:00,300681,10007,156,1,230,230
02/05/2023 00:00:00,300681,10012,294,2,70,140
02/05/2023 00:00:00,300682,10013,908,1,157,157
03/05/2023 00:00:00,300683,10078,144,2,5,10
03/05/2023 00:00:00,300684,10026,466,2,850,1700
03/05/2023 00:00:00,300684,10062,703,1,1499,1499
03/05/2023 00:00:00,300685,10034,342,1,90,90
03/05/2023 00:00:00,300685,10042,541,3,1849,5547
04/05/2023 00:00:00,300686,10014,347,2,1199,2398
04/05/2023 00:00:00,300686,10065,439,1,399,399
04/05/2023 00:00:00,300686,10077,500,3,6,18
04/05/2023 00:00:00,300686,10017,843,2,999,1998
04/05/2023 00:00:00,300686,10050,945,2,700,1400
04/05/2023 00:00:00,300687,10045,167,2,499,998
05/05/2023 00:00:00,300688,10079,712,2,7,14
05/05/2023 00:00:00,300688,10065,990,1,399,399
05/05/2023 00:00:00,300688,10061,132,2,1199,2398
05/05/2023 00:00:00,300688,10010,855,3,29,87
05/05/2023 00:00:00,300689,10018,915,2,1099,2198
05/05/2023 00:00:00,300689,10035,893,3,52,156
05/05/2023 00:00:00,300690,10053,131,2,90,180
05/05/2023 00:00:00,300690,10002,890,1,81,81
05/05/2023 00:00:00,300691,10082,56,2,20,40
05/05/2023 00:00:00,300692,10039,274,1,799,799
05/05/2023 00:00:00,300693,10023,485,3,1099,3297
05/05/2023 00:00:00,300693,10061,190,3,1199,3597
05/05/2023 00:00:00,300694,10006,973,1,24,24
05/05/2023 00:00:00,300694,10046,173,1,200,200
05/05/2023 00:00:00,300695,10022,607,1,899,899
06/05/2023 00:00:00,300696,10077,460,3,6,18
06/05/2023 00:00:00,300697,10048,395,3,500,1500
06/05/2023 00:00:00,300697,10002,316,3,81,243
06/05/2023 00:00:00,300697,10007,996,1,230,230
06/05/2023 00:00:00,300698,10039,353,1,799,799
06/05/2023 00:00:00,300698,10051,515,1,900,900
06/05/2023 00:00:00,300699,10007,187,2,230,460
06/05/2023 00:00:00,300699,10060,688,3,579,1737
06/05/2023 00:00:00,300699,10010,719,3,29,87
07/05/2023 00:00:00,300700,10074,267,3,6,18
07/05/2023 00:00:00,300701,10004,917,3,35,105
07/05/2023 00:00:00,300702,10009,273,3,80,240
07/05/2023 00:00:00,300702,10031,522,1,25,25
07/05/2023 00:00:00,300703,10055,463,1,95,95
07/05/2023 00:00:00,300703,10003,729,2,149,298
07/05/2023 00:00:00,300703,10086,488,1,13,13
07/05/2023 00:00:00,300703,10010,197,2,29,58
07/05/2023 00:00:00,300703,10056,446,2,999,1998
07/05/2023 00:00:00,300703,10025,802,2,399,798
07/05/2023 00:00:00,300703,10084,145,2,7,14
07/05/2023 00:00:00,300703,10027,24,3,109,327
07/05/2023 00:00:00,300704,10016,995,2,1599,3198
07/05/2023 00:00:00,300704,10013,491,1,157,157
08/05/2023 00:00:00,300705,10052,289,1,300,300
08/05/2023 00:00:00,300706,10048,377,2,500,1000
08/05/2023 00:00:00,300706,10012,787,3,70,210
08/05/2023 00:00:00,300706,10029,448,1,44,44
08/05/2023 00:00:00,300707,10078,919,2,5,10
08/05/2023 00:00:00,300708,10026,382,3,850,2550
08/05/2023 00:00:00,300708,10044,936,3,750,2250
08/05/2023 00:00:00,300708,10057,665,3,1099,3297
08/05/2023 00:00:00,300709,10049,898,1,450,450
08/05/2023 00:00:00,300709,10046,720,3,200,600
08/05/2023 00:00:00,300710,10084,834,2,7,14
08/05/2023 00:00:00,300711,10068,200,3,279,837
08/05/2023 00:00:00,300711,10049,921,1,450,450
08/05/2023 00:00:00,300711,10004,894,3,35,105
08/05/2023 00:00:00,300711,10055,424,2,95,190
09/05/2023 00:00:00,300712,10043,530,2,450,900
09/05/2023 00:00:00,300712,10052,310,1,300,300
09/05/2023 00:00:00,300712,10015,914,1,1399,1399
09/05/2023 00:00:00,300713,10082,483,3,20,60
09/05/2023 00:00:00,300713,10047,149,2,300,600
09/05/2023 00:00:00,300714,10019,172,2,1299,2598
09/05/2023 00:00:00,300715,10052,158,1,300,300
10/05/2023 00:00:00,300716,10008,395,1,50,50
10/05/2023 00:00:00,300717,10076,566,2,7,14
10/05/2023 00:00:00,300718,10072,680,2,5,10
10/05/2023 00:00:00,300718,10019,733,2,1299,2598
10/05/2023 00:00:00,300718,10078,610,2,5,10
10/05/2023 00:00:00,300718,10053,795,2,90,180
10/05/2023 00:00:00,300718,10055,271,3,95,285
10/05/2023 00:00:00,300719,10016,163,1,1599,1599
10/05/2023 00:00:00,300719,10013,73,2,157,314
10/05/2023 00:00:00,300720,10062,293,3,1499,4497
10/05/2023 00:00:00,300721,10011,283,2,106,212
10/05/2023 00:00:00,300721,10015,887,1,1399,1399
10/05/2023 00:00:00,300722,10060,50,3,579,1737
10/05/2023 00:00:00,300722,10039,387,2,799,1598
10/05/2023 00:00:00,300723,10074,357,3,6,18
10/05/2023 00:00:00,300723,10013,908,1,157,157
10/05/2023 00:00:00,300724,10054,639,2,250,500
10/05/2023 00:00:00,300724,10015,85,1,1399,1399
10/05/2023 00:00:00,300724,10069,141,1,5,5
10/05/2023 00:00:00,300724,10015,398,1,1399,1399
10/05/2023 00:00:00,300724,10080,113,1,6,6
10/05/2023 00:00:00,300725,10068,55,2,279,558
11/05/2023 00:00:00,300726,10057,815,2,1099,2198
11/05/2023 00:00:00,300727,10077,913,1,6,6
11/05/2023 00:00:00,300728,10069,854,3,5,15
11/05/2023 00:00:00,300728,10007,814,3,230,690
11/05/2023 00:00:00,300729,10061,93,3,1199,3597
11/05/2023 00:00:00,300729,10080,544,1,6,6
12/05/2023 00:00:00,300730,10025,776,3,399,1197
12/05/2023 00:00:00,300731,10019,674,2,1299,2598
12/05/2023 00:00:00,300731,10061,60,1,1199,1199
12/05/2023 00:00:00,300732,10086,595,3,13,39
12/05/2023 00:00:00,300733,10007,166,2,230,460
12/05/2023 00:00:00,300734,10051,171,3,900,2700
12/05/2023 00:00:00,300734,10083,19,3,50,150
12/05/2023 00:00:00,300734,10013,815,2,157,314
12/05/2023 00:00:00,300735,10006,418,1,24,24
13/05/2023 00:00:00,300736,10028,997,1,1500,1500
13/05/2023 00:00:00,300737,10070,541,3,7,21
13/05/2023 00:00:00,300738,10010,870,1,29,29
13/05/2023 00:00:00,300739,10001,340,2,27,54
13/05/2023 00:00:00,300739,10077,327,1,6,6
13/05/2023 00:00:00,300739,10079,755,2,7,14
13/05/2023 00:00:00,300740,10057,784,3,1099,3297
13/05/2023 00:00:00,300741,10003,287,1,149,149
13/05/2023 00:00:00,300741,10081,982,1,5,5
13/05/2023 00:00:00,300741,10073,714,1,7,7
14/05/2023 00:00:00,300742,10012,135,3,70,210
14/05/2023 00:00:00,300742,10017,598,3,999,2997
14/05/2023 00:00:00,300742,10042,481,1,1849,1849
14/05/2023 00:00:00,300742,10083,829,2,50,100
14/05/2023 00:00:00,300743,10053,520,1,90,90
14/05/2023 00:00:00,300744,10044,731,2,750,1500
14/05/2023 00:00:00,300745,10004,309,1,35,35
14/05/2023 00:00:00,300745,10083,542,1,50,50
14/05/2023 00:00:00,300745,10062,229,3,1499,4497
15/05/2023 00:00:00,300746,10079,267,3,7,21
15/05/2023 00:00:00,300747,10043,807,3,450,1350
15/05/2023 00:00:00,300748,10033,255,2,295,590
15/05/2023 00:00:00,300748,10039,656,1,799,799
15/05/2023 00:00:00,300748,10077,235,2,6,12
15/05/2023 00:00:00,300749,10032,670,3,70,210
15/05/2023 00:00:00,300750,10021,797,2,799,1598
15/05/2023 00:00:00,300750,10078,676,3,5,15
15/05/2023 00:00:00,300750,10054,970,3,250,750
15/05/2023 00:00:00,300750,10015,764,2,1399,2798
15/05/2023 00:00:00,300751,10054,129,1,250,250
15/05/2023 00:00:00,300751,10026,922,2,850,1700
15/05/2023 00:00:00,300751,10064,324,3,1249,3747
15/05/2023 00:00:00,300752,10031,2,2,25,50
15/05/2023 00:00:00,300752,10066,370,3,149,447
15/05/2023 00:00:00,300753,10027,736,3,109,327
15/05/2023 00:00:00,300753,10050,526,2,700,1400
16/05/2023 00:00:00,300754,10007,974,2,230,460
16/05/2023 00:00:00,300755,10074,150,1,6,6
16/05/2023 00:00:00,300755,10039,915,3,799,2397
16/05/2023 00:00:00,300756,10083,942,3,50,150
16/05/2023 00:00:00,300756,10067,397,1,269,269
16/05/2023 00:00:00,300756,10023,528,1,1099,1099
16/05/2023 00:00:00,300757,10085,295,2,6,12
16/05/2023 00:00:00,300757,10073,400,3,7,21
16/05/2023 00:00:00,300758,10064,333,3,1249,3747
16/05/2023 00:00:00,300758,10081,175,2,5,10
16/05/2023 00:00:00,300759,10016,792,3,1599,4797
16/05/2023 00:00:00,300759,10020,393,1,1499,1499
16/05/2023 00:00:00,300759,10057,549,1,1099,1099
16/05/2023 00:00:00,300759,10066,450,1,149,149
16/05/2023 00:00:00,300759,10042,330,2,1849,3698
16/05/2023 00:00:00,300759,10007,80,2,230,460
16/05/2023 00:00:00,300760,10022,270,3,899,2697
16/05/2023 00:00:00,300760,10041,920,3,749,2247
16/05/2023 00:00:00,300760,10029,979,3,44,132
16/05/2023 00:00:00,300761,10020,320,2,1499,2998
17/05/2023 00:00:00,300762,10052,150,2,300,600
17/05/2023 00:00:00,300763,10038,651,2,379,758
17/05/2023 00:00:00,300763,10058,666,2,799,1598
17/05/2023 00:00:00,300764,10034,492,3,90,270
17/05/2023 00:00:00,300764,10002,157,2,81,162
17/05/2023 00:00:00,300764,10056,28,3,999,2997
17/05/2023 00:00:00,300765,10076,975,1,7,7
17/05/2023 00:00:00,300766,10015,874,3,1399,4197
17/05/2023 00:00:00,300766,10026,134,1,850,850
17/05/2023 00:00:00,300767,10028,903,3,1500,4500
17/05/2023 00:00:00,300767,10082,937,2,20,40
17/05/2023 00:00:00,300767,10045,853,3,499,1497
18/05/2023 00:00:00,300768,10029,835,2,44,88
18/05/2023 00:00:00,300769,10014,429,2,1199,2398
18/05/2023 00:00:00,300770,10007,873,3,230,690
18/05/2023 00:00:00,300770,10042,143,1,1849,1849
18/05/2023 00:00:00,300770,10055,284,2,95,190
18/05/2023 00:00:00,300770,10078,618,2,5,10
18/05/2023 00:00:00,300770,10027,97,1,109,109
18/05/2023 00:00:00,300770,10054,725,1,250,250
18/05/2023 00:00:00,300771,10079,333,1,7,7
18/05/2023 00:00:00,300771,10035,856,1,52,52
18/05/2023 00:00:00,300771,10013,801,1,157,157
18/05/2023 00:00:00,300772,10072,828,1,5,5
18/05/2023 00:00:00,300772,10047,559,2,300,600
19/05/2023 00:00:00,300773,10082,641,2,20,40
19/05/2023 00:00:00,300773,10040,979,1,949,949
19/05/2023 00:00:00,300773,10031,777,1,25,25
19/05/2023 00:00:00,300773,10072,642,2,5,10
19/05/2023 00:00:00,300773,10019,251,1,1299,1299
19/05/2023 00:00:00,300773,10078,265,2,5,10
19/05/2023 00:00:00,300774,10060,221,1,579,579
19/05/2023 00:00:00,300774,10022,511,1,899,899
19/05/2023 00:00:00,300774,10080,62,1,6,6
19/05/2023 00:00:00,300775,10034,149,2,90,180
19/05/2023 00:00:00,300775,10079,791,1,7,7
19/05/2023 00:00:00,300776,10029,219,3,44,132
19/05/2023 00:00:00,300777,10030,663,1,234,234
19/05/2023 00:00:00,300777,10047,409,3,300,900
19/05/2023 00:00:00,300778,10014,835,1,1199,1199
19/05/2023 00:00:00,300779,10072,812,1,5,5
19/05/2023 00:00:00,300779,10056,967,2,999,1998
19/05/2023 00:00:00,300779,10077,530,1,6,6
19/05/2023 00:00:00,300779,10046,135,3,200,600
19/05/2023 00:00:00,300779,10022,803,2,899,1798
19/05/2023 00:00:00,300779,10048,770,3,500,1500
19/05/2023 00:00:00,300779,10056,210,1,999,999
19/05/2023 00:00:00,300779,10079,785,2,7,14
20/05/2023 00:00:00,300780,10045,220,3,499,1497
20/05/2023 00:00:00,300781,10061,206,3,1199,3597
20/05/2023 00:00:00,300781,10061,948,3,1199,3597
20/05/2023 00:00:00,300781,10064,901,2,1249,2498
20/05/2023 00:00:00,300781,10037,980,1,500,500
20/05/2023 00:00:00,300781,10057,9,3,1099,3297
20/05/2023 00:00:00,300781,10080,812,3,6,18
20/05/2023 00:00:00,300782,10046,494,3,200,600
20/05/2023 00:00:00,300782,10014,43,3,1199,3597
20/05/2023 00:00:00,300783,10018,929,2,1099,2198
20/05/2023 00:00:00,300783,10074,970,1,6,6
21/05/2023 00:00:00,300784,10082,139,3,20,60
21/05/2023 00:00:00,300784,10050,1000,1,700,700
21/05/2023 00:00:00,300784,10071,681,2,6,12
21/05/2023 00:00:00,300785,10040,214,3,949,2847
21/05/2023 00:00:00,300785,10026,773,1,850,850
21/05/2023 00:00:00,300786,10076,533,3,7,21
21/05/2023 00:00:00,300786,10053,51,1,90,90
21/05/2023 00:00:00,300786,10029,375,2,44,88
21/05/2023 00:00:00,300787,10043,21,2,450,900
22/05/2023 00:00:00,300788,10027,537,3,109,327
22/05/2023 00:00:00,300789,10041,63,3,749,2247
22/05/2023 00:00:00,300790,10075,82,3,5,15
22/05/2023 00:00:00,300791,10028,919,1,1500,1500
22/05/2023 00:00:00,300792,10039,681,3,799,2397
23/05/2023 00:00:00,300793,10021,75,2,799,1598
23/05/2023 00:00:00,300794,10041,829,1,749,749
23/05/2023 00:00:00,300795,10084,308,1,7,7
23/05/2023 00:00:00,300796,10086,164,1,13,13
23/05/2023 00:00:00,300796,10003,915,2,149,298
23/05/2023 00:00:00,300797,10036,366,3,111,333
23/05/2023 00:00:00,300797,10013,690,1,157,157
24/05/2023 00:00:00,300798,10052,405,3,300,900
24/05/2023 00:00:00,300798,10064,218,2,1249,2498
24/05/2023 00:00:00,300798,10055,351,2,95,190
24/05/2023 00:00:00,300798,10065,529,1,399,399
24/05/2023 00:00:00,300799,10009,783,2,80,160
24/05/2023 00:00:00,300799,10030,200,2,234,468
24/05/2023 00:00:00,300799,10077,693,3,6,18
24/05/2023 00:00:00,300800,10007,563,2,230,460
24/05/2023 00:00:00,300800,10040,160,2,949,1898
24/05/2023 00:00:00,300800,10032,805,2,70,140
24/05/2023 00:00:00,300801,10004,447,3,35,105
24/05/2023 00:00:00,300802,10055,881,2,95,190
24/05/2023 00:00:00,300802,10038,780,3,379,1137
24/05/2023 00:00:00,300803,10054,121,1,250,250
24/05/2023 00:00:00,300803,10020,239,1,1499,1499
24/05/2023 00:00:00,300804,10016,90,3,1599,4797
25/05/2023 00:00:00,300805,10029,593,1,44,44
25/05/2023 00:00:00,300806,10008,722,3,50,150
25/05/2023 00:00:00,300807,10074,705,1,6,6
26/05/2023 00:00:00,300808,10031,671,2,25,50
26/05/2023 00:00:00,300808,10081,962,1,5,5
26/05/2023 00:00:00,300808,10076,334,1,7,7
26/05/2023 00:00:00,300809,10039,379,2,799,1598
26/05/2023 00:00:00,300809,10011,443,2,106,212
27/05/2023 00:00:00,300810,10085,144,3,6,18
27/05/2023 00:00:00,300810,10075,559,2,5,10
27/05/2023 00:00:00,300810,10004,871,3,35,105
27/05/2023 00:00:00,300810,10028,229,3,1500,4500
27/05/2023 00:00:00,300811,10070,515,1,7,7
27/05/2023 00:00:00,300812,10024,554,1,199,199
27/05/2023 00:00:00,300813,10060,150,2,579,1158
27/05/2023 00:00:00,300814,10050,944,3,700,2100
27/05/2023 00:00:00,300814,10006,198,2,24,48
27/05/2023 00:00:00,300815,10064,582,3,1249,3747
27/05/2023 00:00:00,300815,10009,628,2,80,160
27/05/2023 00:00:00,300815,10049,667,2,450,900
27/05/2023 00:00:00,300815,10027,249,1,109,109
27/05/2023 00:00:00,300815,10024,527,3,199,597
27/05/2023 00:00:00,300815,10052,440,3,300,900
27/05/2023 00:00:00,300816,10077,288,2,6,12
27/05/2023 00:00:00,300817,10011,940,3,106,318
27/05/2023 00:00:00,300817,10085,97,3,6,18
27/05/2023 00:00:00,300817,10037,168,3,500,1500
28/05/2023 00:00:00,300818,10081,840,2,5,10
28/05/2023 00:00:00,300819,10066,460,3,149,447
28/05/2023 00:00:00,300819,10007,254,1,230,230
28/05/2023 00:00:00,300819,10008,855,2,50,100
28/05/2023 00:00:00,300819,10051,527,1,900,900
28/05/2023 00:00:00,300819,10047,954,2,300,600
28/05/2023 00:00:00,300820,10009,171,3,80,240
28/05/2023 00:00:00,300820,10073,94,3,7,21
28/05/2023 00:00:00,300821,10003,847,2,149,298
29/05/2023 00:00:00,300822,10081,940,2,5,10
29/05/2023 00:00:00,300822,10044,928,1,750,750
29/05/2023 00:00:00,300822,10060,420,1,579,579
29/05/2023 00:00:00,300823,10058,827,1,799,799
29/05/2023 00:00:00,300824,10037,813,3,500,1500
29/05/2023 00:00:00,300825,10083,852,3,50,150
29/05/2023 00:00:00,300825,10047,527,2,300,600
29/05/2023 00:00:00,300825,10086,13,2,13,26
29/05/2023 00:00:00,300825,10014,591,2,1199,2398
29/05/2023 00:00:00,300825,10041,929,3,749,2247
29/05/2023 00:00:00,300825,10029,935,3,44,132
30/05/2023 00:00:00,300826,10037,897,1,500,500
30/05/2023 00:00:00,300826,10050,531,2,700,1400
30/05/2023 00:00:00,300827,10056,421,2,999,1998
30/05/2023 00:00:00,300827,10049,1,3,450,1350
30/05/2023 00:00:00,300828,10082,192,2,20,40
30/05/2023 00:00:00,300828,10055,165,3,95,285
30/05/2023 00:00:00,300829,10073,441,3,7,21
30/05/2023 00:00:00,300830,10001,106,2,27,54
30/05/2023 00:00:00,300831,10022,1,3,899,2697
30/05/2023 00:00:00,300832,10060,117,2,579,1158
30/05/2023 00:00:00,300832,10003,804,2,149,298
30/05/2023 00:00:00,300832,10062,666,3,1499,4497
30/05/2023 00:00:00,300832,10083,464,2,50,100
30/05/2023 00:00:00,300832,10028,701,1,1500,1500
30/05/2023 00:00:00,300833,10016,336,1,1599,1599
30/05/2023 00:00:00,300833,10025,764,2,399,798
30/05/2023 00:00:00,300833,10037,571,1,500,500
30/05/2023 00:00:00,300833,10024,157,1,199,199
30/05/2023 00:00:00,300833,10065,761,1,399,399
31/05/2023 00:00:00,300834,10030,59,2,234,468
31/05/2023 00:00:00,300834,10046,888,2,200,400
31/05/2023 00:00:00,300834,10024,865,2,199,398
31/05/2023 00:00:00,300835,10078,3,2,5,10
31/05/2023 00:00:00,300836,10019,561,2,1299,2598
31/05/2023 00:00:00,300836,10069,392,1,5,5
31/05/2023 00:00:00,300836,10032,746,3,70,210
31/05/2023 00:00:00,300836,10016,367,1,1599,1599
01/06/2023 00:00:00,300837,10063,925,1,1799,1799
01/06/2023 00:00:00,300837,10018,855,2,1099,2198
01/06/2023 00:00:00,300838,10026,565,2,850,1700
01/06/2023 00:00:00,300838,10022,588,1,899,899
01/06/2023 00:00:00,300838,10009,542,3,80,240
01/06/2023 00:00:00,300838,10020,164,1,1499,1499
01/06/2023 00:00:00,300838,10069,712,1,5,5
01/06/2023 00:00:00,300839,10042,190,1,1849,1849
01/06/2023 00:00:00,300839,10017,749,2,999,1998
01/06/2023 00:00:00,300839,10005,483,1,36,36
01/06/2023 00:00:00,300839,10045,474,2,499,998
01/06/2023 00:00:00,300839,10014,903,1,1199,1199
01/06/2023 00:00:00,300839,10055,820,3,95,285
01/06/2023 00:00:00,300839,10006,389,3,24,72
01/06/2023 00:00:00,300839,10058,461,2,799,1598
01/06/2023 00:00:00,300840,10073,811,1,7,7
01/06/2023 00:00:00,300841,10009,861,2,80,160
02/06/2023 00:00:00,300842,10082,590,3,20,60
02/06/2023 00:00:00,300843,10040,204,2,949,1898
02/06/2023 00:00:00,300843,10022,20,3,899,2697
02/06/2023 00:00:00,300844,10051,418,2,900,1800
02/06/2023 00:00:00,300844,10027,413,2,109,218
02/06/2023 00:00:00,300844,10085,885,1,6,6
02/06/2023 00:00:00,300845,10052,201,2,300,600
02/06/2023 00:00:00,300845,10085,792,3,6,18
03/06/2023 00:00:00,300846,10061,405,1,1199,1199
03/06/2023 00:00:00,300846,10077,826,3,6,18
03/06/2023 00:00:00,300846,10047,36,2,300,600
03/06/2023 00:00:00,300847,10046,227,3,200,600
03/06/2023 00:00:00,300848,10067,718,1,269,269
03/06/2023 00:00:00,300849,10024,433,1,199,199
03/06/2023 00:00:00,300849,10042,732,1,1849,1849
03/06/2023 00:00:00,300850,10058,267,3,799,2397
04/06/2023 00:00:00,300851,10066,874,1,149,149
04/06/2023 00:00:00,300852,10042,108,1,1849,1849
04/06/2023 00:00:00,300853,10024,680,3,199,597
04/06/2023 00:00:00,300854,10053,677,3,90,270
04/06/2023 00:00:00,300855,10023,264,2,1099,2198
05/06/2023 00:00:00,300856,10028,91,2,1500,3000
05/06/2023 00:00:00,300856,10072,257,1,5,5
05/06/2023 00:00:00,300856,10053,589,1,90,90
05/06/2023 00:00:00,300856,10011,775,3,106,318
05/06/2023 00:00:00,300856,10037,966,2,500,1000
05/06/2023 00:00:00,300857,10041,949,3,749,2247
05/06/2023 00:00:00,300858,10043,245,3,450,1350
05/06/2023 00:00:00,300858,10050,13,1,700,700
05/06/2023 00:00:00,300859,10013,389,2,157,314
05/06/2023 00:00:00,300860,10038,925,3,379,1137
05/06/2023 00:00:00,300861,10073,150,1,7,7
05/06/2023 00:00:00,300862,10063,775,3,1799,5397
05/06/2023 00:00:00,300862,10014,115,3,1199,3597
06/06/2023 00:00:00,300863,10008,904,2,50,100
06/06/2023 00:00:00,300863,10046,117,1,200,200
06/06/2023 00:00:00,300863,10046,137,3,200,600
06/06/2023 00:00:00,300863,10064,427,2,1249,2498
06/06/2023 00:00:00,300863,10002,930,2,81,162
06/06/2023 00:00:00,300863,10042,447,3,1849,5547
06/06/2023 00:00:00,300863,10043,685,3,450,1350
06/06/2023 00:00:00,300863,10086,517,3,13,39
06/06/2023 00:00:00,300863,10084,689,1,7,7
06/06/2023 00:00:00,300863,10018,713,2,1099,2198
06/06/2023 00:00:00,300863,10029,549,3,44,132
06/06/2023 00:00:00,300863,10064,868,3,1249,3747
06/06/2023 00:00:00,300867,10066,686,2,149,298
06/06/2023 00:00:00,300871,10016,499,3,1599,4797
06/06/2023 00:00:00,300876,10060,458,3,579,1737
06/06/2023 00:00:00,300876,10003,148,3,149,447
06/06/2023 00:00:00,302224,10048,36,1,500,500
06/06/2023 00:00:00,302224,10078,395,3,5,15
06/06/2023 00:00:00,302224,10028,108,2,1500,3000
06/06/2023 00:00:00,302229,10044,897,3,750,2250
07/06/2023 00:00:00,300879,10032,494,2,70,140
07/06/2023 00:00:00,300879,10017,900,2,999,1998
07/06/2023 00:00:00,300879,10012,810,3,70,210
07/06/2023 00:00:00,300879,10015,883,3,1399,4197
07/06/2023 00:00:00,300880,10058,141,2,799,1598
07/06/2023 00:00:00,300881,10072,531,2,5,10
07/06/2023 00:00:00,300881,10024,33,2,199,398
07/06/2023 00:00:00,300881,10085,682,3,6,18
08/06/2023 00:00:00,300882,10013,566,1,157,157
08/06/2023 00:00:00,300882,10075,834,1,5,5
08/06/2023 00:00:00,300882,10027,308,2,109,218
08/06/2023 00:00:00,300883,10075,46,1,5,5
08/06/2023 00:00:00,300883,10045,866,3,499,1497
08/06/2023 00:00:00,300883,10070,931,3,7,21
08/06/2023 00:00:00,300884,10005,61,3,36,108
08/06/2023 00:00:00,300885,10069,630,2,5,10
08/06/2023 00:00:00,300885,10032,4,3,70,210
08/06/2023 00:00:00,300885,10036,766,1,111,111
08/06/2023 00:00:00,300886,10015,872,1,1399,1399
08/06/2023 00:00:00,300887,10002,414,1,81,81
08/06/2023 00:00:00,300888,10048,789,1,500,500
08/06/2023 00:00:00,300888,10045,155,1,499,499
08/06/2023 00:00:00,300888,10014,223,3,1199,3597
08/06/2023 00:00:00,300889,10077,126,2,6,12
09/06/2023 00:00:00,300890,10055,360,2,95,190
09/06/2023 00:00:00,300891,10084,747,1,7,7
09/06/2023 00:00:00,300892,10009,15,2,80,160
09/06/2023 00:00:00,300892,10053,700,2,90,180
09/06/2023 00:00:00,300893,10015,187,3,1399,4197
09/06/2023 00:00:00,300894,10030,957,1,234,234
09/06/2023 00:00:00,300894,10003,673,3,149,447
09/06/2023 00:00:00,300895,10048,746,1,500,500
09/06/2023 00:00:00,300895,10007,261,3,230,690
09/06/2023 00:00:00,300896,10034,62,2,90,180
09/06/2023 00:00:00,300897,10048,436,2,500,1000
10/06/2023 00:00:00,300898,10002,849,3,81,243
10/06/2023 00:00:00,300898,10047,942,1,300,300
10/06/2023 00:00:00,300898,10069,659,2,5,10
10/06/2023 00:00:00,300898,10077,44,1,6,6
10/06/2023 00:00:00,300899,10076,158,1,7,7
10/06/2023 00:00:00,300899,10047,972,3,300,900
10/06/2023 00:00:00,300900,10084,335,2,7,14
10/06/2023 00:00:00,300900,10045,716,1,499,499
10/06/2023 00:00:00,300900,10012,569,1,70,70
10/06/2023 00:00:00,300901,10020,919,1,1499,1499
10/06/2023 00:00:00,300902,10062,151,1,1499,1499
10/06/2023 00:00:00,300903,10031,1,3,25,75
10/06/2023 00:00:00,300904,10028,433,3,1500,4500
10/06/2023 00:00:00,300905,10049,48,2,450,900
10/06/2023 00:00:00,300905,10076,421,2,7,14
10/06/2023 00:00:00,300905,10020,597,2,1499,2998
10/06/2023 00:00:00,300906,10068,918,3,279,837
10/06/2023 00:00:00,300906,10005,758,2,36,72
11/06/2023 00:00:00,300907,10072,817,1,5,5
11/06/2023 00:00:00,300907,10071,376,1,6,6
11/06/2023 00:00:00,300907,10046,887,2,200,400
11/06/2023 00:00:00,300907,10049,952,2,450,900
11/06/2023 00:00:00,300908,10067,137,2,269,538
11/06/2023 00:00:00,300908,10067,243,1,269,269
11/06/2023 00:00:00,300908,10011,59,3,106,318
11/06/2023 00:00:00,300908,10066,240,3,149,447
11/06/2023 00:00:00,300909,10067,755,3,269,807
11/06/2023 00:00:00,300909,10020,728,1,1499,1499
11/06/2023 00:00:00,300910,10030,413,3,234,702
11/06/2023 00:00:00,300910,10033,767,1,295,295
11/06/2023 00:00:00,300910,10037,957,3,500,1500
11/06/2023 00:00:00,300910,10079,915,3,7,21
11/06/2023 00:00:00,300911,10045,791,1,499,499
11/06/2023 00:00:00,300912,10019,267,2,1299,2598
11/06/2023 00:00:00,300913,10063,380,3,1799,5397
11/06/2023 00:00:00,300914,10015,726,3,1399,4197
11/06/2023 00:00:00,300915,10008,953,1,50,50
12/06/2023 00:00:00,300916,10034,786,3,90,270
12/06/2023 00:00:00,300917,10027,425,1,109,109
12/06/2023 00:00:00,300918,10021,50,2,799,1598
12/06/2023 00:00:00,300918,10058,181,1,799,799
12/06/2023 00:00:00,300918,10033,506,1,295,295
12/06/2023 00:00:00,300918,10038,949,3,379,1137
13/06/2023 00:00:00,300919,10030,435,2,234,468
13/06/2023 00:00:00,300920,10005,817,2,36,72
13/06/2023 00:00:00,300921,10008,680,3,50,150
13/06/2023 00:00:00,300922,10014,837,2,1199,2398
13/06/2023 00:00:00,300922,10032,51,1,70,70
13/06/2023 00:00:00,300922,10012,513,1,70,70
14/06/2023 00:00:00,300923,10026,498,1,850,850
14/06/2023 00:00:00,300923,10072,295,1,5,5
14/06/2023 00:00:00,300923,10038,491,2,379,758
14/06/2023 00:00:00,300924,10046,810,3,200,600
14/06/2023 00:00:00,300924,10011,670,1,106,106
14/06/2023 00:00:00,300924,10085,640,2,6,12
14/06/2023 00:00:00,300924,10023,181,3,1099,3297
14/06/2023 00:00:00,300925,10053,628,1,90,90
14/06/2023 00:00:00,300926,10046,887,3,200,600
14/06/2023 00:00:00,300927,10063,535,3,1799,5397
14/06/2023 00:00:00,300927,10004,192,2,35,70
14/06/2023 00:00:00,300928,10073,752,1,7,7
15/06/2023 00:00:00,300929,10061,229,1,1199,1199
15/06/2023 00:00:00,300930,10035,454,3,52,156
15/06/2023 00:00:00,300931,10056,792,2,999,1998
15/06/2023 00:00:00,300931,10083,752,3,50,150
15/06/2023 00:00:00,300931,10024,336,1,199,199
15/06/2023 00:00:00,300931,10030,383,1,234,234
15/06/2023 00:00:00,300931,10032,584,3,70,210
15/06/2023 00:00:00,300932,10023,579,2,1099,2198
15/06/2023 00:00:00,300932,10062,804,3,1499,4497
15/06/2023 00:00:00,300933,10076,991,3,7,21
16/06/2023 00:00:00,300934,10046,327,2,200,400
16/06/2023 00:00:00,300934,10006,159,1,24,24
16/06/2023 00:00:00,300934,10045,771,2,499,998
16/06/2023 00:00:00,300934,10027,410,3,109,327
16/06/2023 00:00:00,300934,10062,647,3,1499,4497
16/06/2023 00:00:00,300935,10084,388,1,7,7
16/06/2023 00:00:00,300936,10030,63,3,234,702
16/06/2023 00:00:00,300937,10074,130,3,6,18
16/06/2023 00:00:00,300937,10086,419,1,13,13
17/06/2023 00:00:00,300938,10059,954,2,269,538
17/06/2023 00:00:00,300939,10082,438,1,20,20
17/06/2023 00:00:00,300939,10059,374,2,269,538
17/06/2023 00:00:00,300939,10016,743,2,1599,3198
17/06/2023 00:00:00,300940,10057,99,3,1099,3297
17/06/2023 00:00:00,300941,10016,295,3,1599,4797
17/06/2023 00:00:00,300941,10016,356,2,1599,3198
17/06/2023 00:00:00,300942,10019,250,2,1299,2598
17/06/2023 00:00:00,300942,10020,291,1,1499,1499
17/06/2023 00:00:00,300942,10045,348,1,499,499
17/06/2023 00:00:00,300943,10067,768,3,269,807
18/06/2023 00:00:00,300944,10025,449,2,399,798
18/06/2023 00:00:00,300945,10080,135,3,6,18
18/06/2023 00:00:00,300946,10030,218,3,234,702
18/06/2023 00:00:00,300946,10056,940,1,999,999
18/06/2023 00:00:00,300946,10035,491,2,52,104
18/06/2023 00:00:00,300946,10059,366,2,269,538
18/06/2023 00:00:00,300946,10024,714,1,199,199
18/06/2023 00:00:00,300947,10028,344,3,1500,4500
18/06/2023 00:00:00,300947,10037,371,2,500,1000
18/06/2023 00:00:00,300948,10015,26,1,1399,1399
18/06/2023 00:00:00,300949,10070,465,1,7,7
19/06/2023 00:00:00,300950,10026,423,1,850,850
19/06/2023 00:00:00,300951,10070,59,1,7,7
19/06/2023 00:00:00,300951,10023,43,3,1099,3297
19/06/2023 00:00:00,300952,10080,11,1,6,6
19/06/2023 00:00:00,300952,10032,186,3,70,210
19/06/2023 00:00:00,300952,10082,393,3,20,60
19/06/2023 00:00:00,300952,10032,497,2,70,140
19/06/2023 00:00:00,300953,10035,751,2,52,104
19/06/2023 00:00:00,300953,10070,526,2,7,14
19/06/2023 00:00:00,300954,10058,28,2,799,1598
19/06/2023 00:00:00,300955,10029,654,1,44,44
20/06/2023 00:00:00,300956,10011,410,1,106,106
20/06/2023 00:00:00,300956,10055,223,2,95,190
20/06/2023 00:00:00,300956,10024,841,1,199,199
20/06/2023 00:00:00,300956,10019,25,1,1299,1299
20/06/2023 00:00:00,300957,10043,362,3,450,1350
20/06/2023 00:00:00,300957,10071,137,2,6,12
20/06/2023 00:00:00,300957,10020,495,3,1499,4497
20/06/2023 00:00:00,300957,10033,689,2,295,590
20/06/2023 00:00:00,300958,10050,439,1,700,700
20/06/2023 00:00:00,300959,10074,159,2,6,12
21/06/2023 00:00:00,300960,10030,662,2,234,468
21/06/2023 00:00:00,300961,10024,496,1,199,199
21/06/2023 00:00:00,300962,10026,818,1,850,850
21/06/2023 00:00:00,300963,10051,20,1,900,900
21/06/2023 00:00:00,300963,10004,16,1,35,35
21/06/2023 00:00:00,300963,10059,884,3,269,807
21/06/2023 00:00:00,300963,10053,265,2,90,180
21/06/2023 00:00:00,300964,10070,90,2,7,14
21/06/2023 00:00:00,300965,10073,94,1,7,7
21/06/2023 00:00:00,300965,10007,133,2,230,460
21/06/2023 00:00:00,300965,10021,28,1,799,799
21/06/2023 00:00:00,300966,10051,686,3,900,2700
21/06/2023 00:00:00,300967,10034,654,1,90,90
21/06/2023 00:00:00,300967,10030,468,3,234,702
21/06/2023 00:00:00,300968,10051,648,1,900,900
21/06/2023 00:00:00,300969,10053,586,1,90,90
21/06/2023 00:00:00,300969,10025,402,1,399,399
21/06/2023 00:00:00,300969,10019,800,2,1299,2598
21/06/2023 00:00:00,300969,10051,947,2,900,1800
21/06/2023 00:00:00,300970,10043,109,3,450,1350
21/06/2023 00:00:00,300970,10047,77,2,300,600
22/06/2023 00:00:00,300971,10030,582,2,234,468
22/06/2023 00:00:00,300971,10022,854,1,899,899
22/06/2023 00:00:00,300972,10060,724,3,579,1737
22/06/2023 00:00:00,300973,10086,171,3,13,39
22/06/2023 00:00:00,300974,10012,100,2,70,140
22/06/2023 00:00:00,300974,10013,27,1,157,157
22/06/2023 00:00:00,300975,10073,824,3,7,21
22/06/2023 00:00:00,300975,10084,54,2,7,14
22/06/2023 00:00:00,300975,10064,697,1,1249,1249
23/06/2023 00:00:00,300976,10042,998,1,1849,1849
23/06/2023 00:00:00,300977,10086,716,2,13,26
23/06/2023 00:00:00,300977,10063,478,2,1799,3598
23/06/2023 00:00:00,300978,10059,968,2,269,538
23/06/2023 00:00:00,300979,10001,351,2,27,54
23/06/2023 00:00:00,300980,10079,850,3,7,21
23/06/2023 00:00:00,300980,10010,726,2,29,58
23/06/2023 00:00:00,300981,10059,21,2,269,538
24/06/2023 00:00:00,300982,10086,610,1,13,13
25/06/2023 00:00:00,300983,10073,976,3,7,21
25/06/2023 00:00:00,300983,10077,646,2,6,12
25/06/2023 00:00:00,300984,10035,155,2,52,104
25/06/2023 00:00:00,300984,10046,912,2,200,400
25/06/2023 00:00:00,300984,10085,688,3,6,18
25/06/2023 00:00:00,300985,10034,663,2,90,180
25/06/2023 00:00:00,300985,10066,973,2,149,298
25/06/2023 00:00:00,300986,10027,779,3,109,327
25/06/2023 00:00:00,300986,10003,939,2,149,298
25/06/2023 00:00:00,300987,10028,184,1,1500,1500
25/06/2023 00:00:00,300987,10066,642,2,149,298
25/06/2023 00:00:00,300987,10010,251,3,29,87
26/06/2023 00:00:00,300988,10085,290,1,6,6
26/06/2023 00:00:00,300989,10009,337,2,80,160
26/06/2023 00:00:00,300990,10072,481,3,5,15
26/06/2023 00:00:00,300990,10021,177,2,799,1598
26/06/2023 00:00:00,300991,10025,111,1,399,399
26/06/2023 00:00:00,300991,10080,171,2,6,12
26/06/2023 00:00:00,300991,10009,534,1,80,80
26/06/2023 00:00:00,300991,10069,238,2,5,10
27/06/2023 00:00:00,300992,10078,430,2,5,10
27/06/2023 00:00:00,300992,10027,653,1,109,109
27/06/2023 00:00:00,300993,10031,796,3,25,75
27/06/2023 00:00:00,300993,10010,392,3,29,87
28/06/2023 00:00:00,300994,10008,918,3,50,150
28/06/2023 00:00:00,300994,10006,492,1,24,24
28/06/2023 00:00:00,300995,10062,238,3,1499,4497
28/06/2023 00:00:00,300995,10024,314,1,199,199
28/06/2023 00:00:00,300995,10027,414,2,109,218
28/06/2023 00:00:00,300996,10077,783,1,6,6
28/06/2023 00:00:00,300996,10011,827,3,106,318
28/06/2023 00:00:00,300996,10003,405,3,149,447
28/06/2023 00:00:00,300997,10001,104,2,27,54
28/06/2023 00:00:00,300998,10006,548,2,24,48
28/06/2023 00:00:00,300999,10037,762,1,500,500
29/06/2023 00:00:00,301000,10054,529,2,250,500
29/06/2023 00:00:00,301000,10062,824,1,1499,1499
29/06/2023 00:00:00,301001,10051,799,2,900,1800
29/06/2023 00:00:00,301002,10011,373,3,106,318
29/06/2023 00:00:00,301002,10034,370,1,90,90
29/06/2023 00:00:00,301002,10049,308,1,450,450
29/06/2023 00:00:00,301002,10029,418,3,44,132
29/06/2023 00:00:00,301002,10044,782,3,750,2250
30/06/2023 00:00:00,301003,10084,680,2,7,14
30/06/2023 00:00:00,301003,10079,987,3,7,21
30/06/2023 00:00:00,301004,10028,208,2,1500,3000
30/06/2023 00:00:00,301004,10066,342,1,149,149
30/06/2023 00:00:00,301005,10050,823,1,700,700
30/06/2023 00:00:00,301006,10011,523,3,106,318
30/06/2023 00:00:00,301006,10027,487,3,109,327
30/06/2023 00:00:00,301007,10038,176,1,379,379
30/06/2023 00:00:00,301007,10007,450,2,230,460
30/06/2023 00:00:00,301008,10048,464,3,500,1500
30/06/2023 00:00:00,301008,10009,656,1,80,80
30/06/2023 00:00:00,301008,10017,112,2,999,1998
30/06/2023 00:00:00,301008,10056,286,1,999,999
30/06/2023 00:00:00,301009,10020,220,3,1499,4497
30/06/2023 00:00:00,301009,10084,668,3,7,21
30/06/2023 00:00:00,301010,10017,385,2,999,1998
30/06/2023 00:00:00,301010,10014,511,2,1199,2398
30/06/2023 00:00:00,301010,10072,357,2,5,10
30/06/2023 00:00:00,301011,10063,571,1,1799,1799
30/06/2023 00:00:00,301011,10006,728,2,24,48
30/06/2023 00:00:00,301012,10038,430,2,379,758
30/06/2023 00:00:00,301012,10053,152,1,90,90
30/06/2023 00:00:00,301012,10070,892,1,7,7
01/07/2023 00:00:00,301013,10073,973,2,7,14
01/07/2023 00:00:00,301013,10028,207,1,1500,1500
01/07/2023 00:00:00,301013,10005,230,2,36,72
01/07/2023 00:00:00,301014,10003,995,3,149,447
01/07/2023 00:00:00,301015,10006,737,3,24,72
01/07/2023 00:00:00,301016,10022,176,3,899,2697
01/07/2023 00:00:00,301016,10079,794,2,7,14
01/07/2023 00:00:00,301017,10019,862,2,1299,2598
01/07/2023 00:00:00,301018,10034,321,1,90,90
01/07/2023 00:00:00,301019,10018,75,2,1099,2198
01/07/2023 00:00:00,301019,10006,849,2,24,48
01/07/2023 00:00:00,301020,10016,116,3,1599,4797
01/07/2023 00:00:00,301020,10086,558,3,13,39
01/07/2023 00:00:00,301021,10039,371,1,799,799
02/07/2023 00:00:00,301022,10029,799,3,44,132
02/07/2023 00:00:00,301023,10044,254,1,750,750
02/07/2023 00:00:00,301023,10058,323,3,799,2397
02/07/2023 00:00:00,301024,10021,402,1,799,799
02/07/2023 00:00:00,301025,10036,934,1,111,111
02/07/2023 00:00:00,301025,10071,786,1,6,6
02/07/2023 00:00:00,301025,10032,301,1,70,70
02/07/2023 00:00:00,301026,10042,771,3,1849,5547
02/07/2023 00:00:00,301026,10062,700,3,1499,4497
02/07/2023 00:00:00,301026,10001,100,2,27,54
02/07/2023 00:00:00,301026,10006,614,3,24,72
02/07/2023 00:00:00,301027,10007,972,3,230,690
02/07/2023 00:00:00,301028,10077,969,3,6,18
02/07/2023 00:00:00,301028,10070,176,3,7,21
02/07/2023 00:00:00,301029,10071,601,3,6,18
02/07/2023 00:00:00,301030,10017,806,2,999,1998
02/07/2023 00:00:00,301030,10039,2,3,799,2397
02/07/2023 00:00:00,301030,10008,160,2,50,100
02/07/2023 00:00:00,301031,10024,134,3,199,597
03/07/2023 00:00:00,301032,10063,425,1,1799,1799
03/07/2023 00:00:00,301033,10038,189,1,379,379
03/07/2023 00:00:00,301034,10077,621,1,6,6
03/07/2023 00:00:00,301034,10044,635,3,750,2250
03/07/2023 00:00:00,301034,10059,5,3,269,807
03/07/2023 00:00:00,301035,10075,945,3,5,15
03/07/2023 00:00:00,301035,10013,239,3,157,471
03/07/2023 00:00:00,301036,10082,277,1,20,20
03/07/2023 00:00:00,301036,10064,251,3,1249,3747
03/07/2023 00:00:00,301037,10025,231,1,399,399
04/07/2023 00:00:00,301038,10055,292,3,95,285
04/07/2023 00:00:00,301038,10023,745,1,1099,1099
04/07/2023 00:00:00,301039,10049,672,2,450,900
04/07/2023 00:00:00,301040,10081,153,3,5,15
04/07/2023 00:00:00,301040,10069,505,2,5,10
04/07/2023 00:00:00,301040,10053,130,3,90,270
04/07/2023 00:00:00,301041,10044,349,2,750,1500
04/07/2023 00:00:00,301041,10003,251,3,149,447
04/07/2023 00:00:00,301041,10080,854,2,6,12
04/07/2023 00:00:00,301041,10056,981,2,999,1998
04/07/2023 00:00:00,301041,10010,277,2,29,58
04/07/2023 00:00:00,301042,10017,816,3,999,2997
04/07/2023 00:00:00,301042,10052,695,3,300,900
04/07/2023 00:00:00,301042,10060,694,2,579,1158
04/07/2023 00:00:00,301042,10021,281,2,799,1598
04/07/2023 00:00:00,301043,10025,393,3,399,1197
04/07/2023 00:00:00,301044,10037,57,1,500,500
04/07/2023 00:00:00,301044,10053,924,3,90,270
04/07/2023 00:00:00,301045,10022,577,2,899,1798
04/07/2023 00:00:00,301045,10053,961,2,90,180
04/07/2023 00:00:00,301046,10013,414,1,157,157
05/07/2023 00:00:00,301047,10086,993,3,13,39
05/07/2023 00:00:00,301047,10064,360,2,1249,2498
05/07/2023 00:00:00,301047,10026,739,2,850,1700
05/07/2023 00:00:00,301047,10034,233,1,90,90
05/07/2023 00:00:00,301048,10084,172,2,7,14
05/07/2023 00:00:00,301049,10086,938,2,13,26
05/07/2023 00:00:00,301049,10005,416,1,36,36
05/07/2023 00:00:00,301050,10076,491,1,7,7
05/07/2023 00:00:00,301050,10038,672,2,379,758
05/07/2023 00:00:00,301050,10033,833,2,295,590
05/07/2023 00:00:00,301050,10082,75,2,20,40
05/07/2023 00:00:00,301050,10036,560,2,111,222
05/07/2023 00:00:00,301051,10035,489,1,52,52
05/07/2023 00:00:00,301052,10036,729,1,111,111
05/07/2023 00:00:00,301052,10058,456,1,799,799
05/07/2023 00:00:00,301053,10042,783,2,1849,3698
05/07/2023 00:00:00,301054,10019,828,1,1299,1299
05/07/2023 00:00:00,301055,10062,574,1,1499,1499
06/07/2023 00:00:00,301056,10050,209,2,700,1400
06/07/2023 00:00:00,301057,10055,804,2,95,190
06/07/2023 00:00:00,301058,10042,543,3,1849,5547
06/07/2023 00:00:00,301058,10024,406,2,199,398
06/07/2023 00:00:00,301058,10066,728,3,149,447
06/07/2023 00:00:00,301058,10081,880,2,5,10
06/07/2023 00:00:00,301059,10030,934,3,234,702
06/07/2023 00:00:00,301059,10019,919,1,1299,1299
06/07/2023 00:00:00,301059,10038,546,1,379,379
06/07/2023 00:00:00,301059,10085,834,1,6,6
06/07/2023 00:00:00,301060,10003,601,2,149,298
06/07/2023 00:00:00,301060,10005,134,3,36,108
06/07/2023 00:00:00,301060,10084,892,1,7,7
06/07/2023 00:00:00,301061,10082,672,1,20,20
06/07/2023 00:00:00,301061,10003,301,1,149,149
06/07/2023 00:00:00,301062,10033,348,2,295,590
06/07/2023 00:00:00,301063,10044,256,2,750,1500
06/07/2023 00:00:00,301064,10066,398,2,149,298
06/07/2023 00:00:00,301065,10031,774,3,25,75
06/07/2023 00:00:00,301066,10075,246,2,5,10
06/07/2023 00:00:00,301067,10078,538,3,5,15
06/07/2023 00:00:00,301067,10033,974,1,295,295
07/07/2023 00:00:00,301068,10036,742,1,111,111
07/07/2023 00:00:00,301069,10086,89,2,13,26
07/07/2023 00:00:00,301070,10044,786,2,750,1500
07/07/2023 00:00:00,301070,10056,880,2,999,1998
07/07/2023 00:00:00,301070,10034,482,2,90,180
07/07/2023 00:00:00,301071,10067,143,2,269,538
07/07/2023 00:00:00,301071,10076,28,1,7,7
07/07/2023 00:00:00,301071,10046,537,3,200,600
07/07/2023 00:00:00,301071,10009,512,1,80,80
07/07/2023 00:00:00,301072,10026,712,2,850,1700
07/07/2023 00:00:00,301073,10051,939,3,900,2700
07/07/2023 00:00:00,301074,10037,82,2,500,1000
07/07/2023 00:00:00,301074,10029,966,3,44,132
07/07/2023 00:00:00,301074,10015,752,2,1399,2798
08/07/2023 00:00:00,301075,10057,498,3,1099,3297
08/07/2023 00:00:00,301075,10085,573,2,6,12
08/07/2023 00:00:00,301076,10071,489,1,6,6
08/07/2023 00:00:00,301076,10075,890,2,5,10
08/07/2023 00:00:00,301077,10055,105,2,95,190
08/07/2023 00:00:00,301078,10025,613,1,399,399
08/07/2023 00:00:00,301079,10037,172,1,500,500
08/07/2023 00:00:00,301079,10033,893,2,295,590
08/07/2023 00:00:00,301079,10060,868,2,579,1158
08/07/2023 00:00:00,301080,10050,763,3,700,2100
08/07/2023 00:00:00,301081,10044,22,3,750,2250
08/07/2023 00:00:00,301081,10007,475,3,230,690
08/07/2023 00:00:00,301081,10012,621,3,70,210
09/07/2023 00:00:00,301082,10085,139,2,6,12
09/07/2023 00:00:00,301082,10048,473,3,500,1500
09/07/2023 00:00:00,301083,10034,882,3,90,270
09/07/2023 00:00:00,301084,10055,58,3,95,285
09/07/2023 00:00:00,301084,10070,93,3,7,21
09/07/2023 00:00:00,301085,10045,836,1,499,499
09/07/2023 00:00:00,301086,10049,452,2,450,900
09/07/2023 00:00:00,301087,10025,603,1,399,399
09/07/2023 00:00:00,301088,10022,729,1,899,899
09/07/2023 00:00:00,301089,10002,190,3,81,243
09/07/2023 00:00:00,301089,10073,266,2,7,14
09/07/2023 00:00:00,301089,10055,939,3,95,285
09/07/2023 00:00:00,301090,10007,155,1,230,230
10/07/2023 00:00:00,301091,10059,258,1,269,269
10/07/2023 00:00:00,301092,10004,570,3,35,105
10/07/2023 00:00:00,301092,10065,446,3,399,1197
10/07/2023 00:00:00,301092,10054,846,2,250,500
10/07/2023 00:00:00,301093,10014,678,3,1199,3597
10/07/2023 00:00:00,301094,10060,726,2,579,1158
10/07/2023 00:00:00,301095,10062,942,3,1499,4497
10/07/2023 00:00:00,301096,10083,913,2,50,100
10/07/2023 00:00:00,301096,10034,19,1,90,90
10/07/2023 00:00:00,301096,10056,926,3,999,2997
10/07/2023 00:00:00,301096,10007,871,1,230,230
11/07/2023 00:00:00,301097,10016,689,1,1599,1599
11/07/2023 00:00:00,301097,10018,794,2,1099,2198
11/07/2023 00:00:00,301098,10076,210,2,7,14
11/07/2023 00:00:00,301098,10057,598,1,1099,1099
11/07/2023 00:00:00,301098,10066,896,2,149,298
11/07/2023 00:00:00,301098,10082,365,1,20,20
11/07/2023 00:00:00,301098,10068,720,1,279,279
11/07/2023 00:00:00,301098,10065,716,1,399,399
11/07/2023 00:00:00,301098,10008,294,3,50,150
11/07/2023 00:00:00,301099,10046,407,2,200,400
11/07/2023 00:00:00,301099,10017,353,2,999,1998
11/07/2023 00:00:00,301100,10082,716,2,20,40
11/07/2023 00:00:00,301100,10003,784,2,149,298
11/07/2023 00:00:00,301100,10048,96,2,500,1000
11/07/2023 00:00:00,301100,10011,211,3,106,318
11/07/2023 00:00:00,301100,10010,446,2,29,58
11/07/2023 00:00:00,301101,10038,51,2,379,758
11/07/2023 00:00:00,301102,10008,908,1,50,50
11/07/2023 00:00:00,301102,10026,962,1,850,850
11/07/2023 00:00:00,301103,10009,592,1,80,80
11/07/2023 00:00:00,301104,10010,745,2,29,58
11/07/2023 00:00:00,301105,10035,294,3,52,156
11/07/2023 00:00:00,301106,10049,306,2,450,900
11/07/2023 00:00:00,301107,10044,731,3,750,2250
11/07/2023 00:00:00,301108,10010,361,3,29,87
11/07/2023 00:00:00,301108,10034,472,2,90,180
11/07/2023 00:00:00,301108,10037,179,1,500,500
11/07/2023 00:00:00,301108,10070,755,2,7,14
11/07/2023 00:00:00,301109,10007,564,2,230,460
12/07/2023 00:00:00,301110,10004,401,1,35,35
12/07/2023 00:00:00,301110,10083,94,2,50,100
12/07/2023 00:00:00,301111,10070,526,2,7,14
12/07/2023 00:00:00,301111,10030,210,1,234,234
12/07/2023 00:00:00,301112,10056,983,3,999,2997
12/07/2023 00:00:00,301112,10083,646,2,50,100
12/07/2023 00:00:00,301113,10082,155,3,20,60
12/07/2023 00:00:00,301113,10030,665,1,234,234
12/07/2023 00:00:00,301113,10049,689,1,450,450
12/07/2023 00:00:00,301113,10057,817,3,1099,3297
12/07/2023 00:00:00,301114,10078,168,3,5,15
12/07/2023 00:00:00,301114,10071,622,1,6,6
12/07/2023 00:00:00,301114,10018,93,2,1099,2198
12/07/2023 00:00:00,301114,10069,825,1,5,5
12/07/2023 00:00:00,301114,10017,1000,3,999,2997
12/07/2023 00:00:00,301114,10067,472,1,269,269
12/07/2023 00:00:00,301114,10065,237,3,399,1197
12/07/2023 00:00:00,301114,10017,987,1,999,999
12/07/2023 00:00:00,301114,10040,9,1,949,949
12/07/2023 00:00:00,301114,10043,245,2,450,900
12/07/2023 00:00:00,301114,10017,526,2,999,1998
12/07/2023 00:00:00,301114,10069,414,1,5,5
12/07/2023 00:00:00,301114,10030,78,3,234,702
13/07/2023 00:00:00,301115,10083,444,2,50,100
13/07/2023 00:00:00,301115,10061,903,3,1199,3597
13/07/2023 00:00:00,301115,10066,468,3,149,447
13/07/2023 00:00:00,301115,10009,926,3,80,240
13/07/2023 00:00:00,301115,10059,523,2,269,538
13/07/2023 00:00:00,301116,10042,430,1,1849,1849
13/07/2023 00:00:00,301116,10055,149,3,95,285
13/07/2023 00:00:00,301117,10038,645,3,379,1137
13/07/2023 00:00:00,301118,10075,831,1,5,5
13/07/2023 00:00:00,301118,10042,840,2,1849,3698
13/07/2023 00:00:00,301118,10061,268,1,1199,1199
13/07/2023 00:00:00,301119,10062,843,3,1499,4497
13/07/2023 00:00:00,301120,10029,213,3,44,132
13/07/2023 00:00:00,301121,10037,769,2,500,1000
13/07/2023 00:00:00,301121,10070,279,1,7,7
13/07/2023 00:00:00,301121,10005,975,2,36,72
13/07/2023 00:00:00,301122,10011,165,3,106,318
13/07/2023 00:00:00,301123,10017,411,3,999,2997
13/07/2023 00:00:00,301123,10005,365,2,36,72
13/07/2023 00:00:00,301123,10043,900,2,450,900
13/07/2023 00:00:00,301124,10056,426,1,999,999
13/07/2023 00:00:00,301125,10047,4,3,300,900
13/07/2023 00:00:00,301126,10075,658,2,5,10
13/07/2023 00:00:00,301126,10030,812,3,234,702
13/07/2023 00:00:00,301127,10014,72,1,1199,1199
13/07/2023 00:00:00,301128,10059,896,1,269,269
13/07/2023 00:00:00,301128,10052,114,2,300,600
13/07/2023 00:00:00,301128,10014,255,3,1199,3597
13/07/2023 00:00:00,301129,10063,20,1,1799,1799
14/07/2023 00:00:00,301130,10011,84,3,106,318
14/07/2023 00:00:00,301130,10082,383,1,20,20
14/07/2023 00:00:00,301130,10054,90,2,250,500
14/07/2023 00:00:00,301130,10007,942,1,230,230
14/07/2023 00:00:00,301130,10007,639,2,230,460
14/07/2023 00:00:00,301131,10083,713,2,50,100
14/07/2023 00:00:00,301132,10006,761,3,24,72
14/07/2023 00:00:00,301132,10025,415,1,399,399
14/07/2023 00:00:00,301132,10053,529,2,90,180
14/07/2023 00:00:00,301133,10044,210,3,750,2250
14/07/2023 00:00:00,301133,10052,528,2,300,600
14/07/2023 00:00:00,301133,10071,257,2,6,12
14/07/2023 00:00:00,301133,10003,364,2,149,298
14/07/2023 00:00:00,301133,10028,258,2,1500,3000
14/07/2023 00:00:00,301134,10074,973,3,6,18
14/07/2023 00:00:00,301134,10019,429,1,1299,1299
14/07/2023 00:00:00,301134,10002,918,3,81,243
14/07/2023 00:00:00,301134,10032,288,1,70,70
14/07/2023 00:00:00,301135,10084,825,2,7,14
14/07/2023 00:00:00,301135,10063,540,3,1799,5397
15/07/2023 00:00:00,301136,10013,890,1,157,157
15/07/2023 00:00:00,301136,10027,501,3,109,327
15/07/2023 00:00:00,301136,10071,155,1,6,6
15/07/2023 00:00:00,301137,10001,582,1,27,27
15/07/2023 00:00:00,301137,10002,252,3,81,243
15/07/2023 00:00:00,301137,10061,546,3,1199,3597
15/07/2023 00:00:00,301138,10064,119,2,1249,2498
15/07/2023 00:00:00,301138,10026,290,3,850,2550
15/07/2023 00:00:00,301138,10048,750,2,500,1000
15/07/2023 00:00:00,301139,10016,323,2,1599,3198
15/07/2023 00:00:00,301140,10057,310,3,1099,3297
15/07/2023 00:00:00,301140,10014,145,2,1199,2398
15/07/2023 00:00:00,301140,10055,728,2,95,190
15/07/2023 00:00:00,301140,10005,265,1,36,36
15/07/2023 00:00:00,301141,10079,656,1,7,7
15/07/2023 00:00:00,301141,10025,491,1,399,399
15/07/2023 00:00:00,301141,10077,196,2,6,12
15/07/2023 00:00:00,301142,10053,838,3,90,270
15/07/2023 00:00:00,301143,10013,213,3,157,471
15/07/2023 00:00:00,301144,10074,862,3,6,18
15/07/2023 00:00:00,301145,10078,996,3,5,15
15/07/2023 00:00:00,301145,10069,844,2,5,10
15/07/2023 00:00:00,301145,10054,549,2,250,500
15/07/2023 00:00:00,301146,10058,807,3,799,2397
15/07/2023 00:00:00,301146,10018,21,3,1099,3297
15/07/2023 00:00:00,301146,10054,841,2,250,500
15/07/2023 00:00:00,301146,10065,565,3,399,1197
15/07/2023 00:00:00,301146,10078,720,1,5,5
16/07/2023 00:00:00,301147,10037,542,2,500,1000
16/07/2023 00:00:00,301147,10011,84,1,106,106
16/07/2023 00:00:00,301148,10048,5,1,500,500
16/07/2023 00:00:00,301149,10068,936,2,279,558
16/07/2023 00:00:00,301149,10022,987,2,899,1798
16/07/2023 00:00:00,301150,10035,183,2,52,104
16/07/2023 00:00:00,301151,10029,76,3,44,132
16/07/2023 00:00:00,301151,10040,598,3,949,2847
16/07/2023 00:00:00,301151,10075,550,3,5,15
16/07/2023 00:00:00,301151,10028,209,1,1500,1500
16/07/2023 00:00:00,301151,10070,774,2,7,14
16/07/2023 00:00:00,301152,10080,320,3,6,18
16/07/2023 00:00:00,301153,10017,283,2,999,1998
16/07/2023 00:00:00,301154,10069,814,2,5,10
16/07/2023 00:00:00,301154,10083,703,1,50,50
16/07/2023 00:00:00,301155,10061,721,1,1199,1199
16/07/2023 00:00:00,301156,10085,874,3,6,18
16/07/2023 00:00:00,301156,10019,422,1,1299,1299
17/07/2023 00:00:00,301157,10060,516,1,579,579
17/07/2023 00:00:00,301157,10063,318,1,1799,1799
17/07/2023 00:00:00,301158,10065,837,2,399,798
17/07/2023 00:00:00,301158,10066,474,2,149,298
17/07/2023 00:00:00,301159,10079,850,3,7,21
17/07/2023 00:00:00,301160,10047,190,2,300,600
17/07/2023 00:00:00,301161,10020,42,1,1499,1499
17/07/2023 00:00:00,301162,10046,847,3,200,600
17/07/2023 00:00:00,301162,10064,882,2,1249,2498
17/07/2023 00:00:00,301163,10017,525,3,999,2997
17/07/2023 00:00:00,301164,10070,149,3,7,21
17/07/2023 00:00:00,301164,10082,394,1,20,20
17/07/2023 00:00:00,301165,10081,53,1,5,5
18/07/2023 00:00:00,301166,10086,887,3,13,39
18/07/2023 00:00:00,301166,10041,594,2,749,1498
18/07/2023 00:00:00,301166,10001,491,3,27,81
18/07/2023 00:00:00,301167,10035,354,1,52,52
18/07/2023 00:00:00,301167,10013,516,2,157,314
18/07/2023 00:00:00,301168,10030,722,3,234,702
18/07/2023 00:00:00,301168,10058,684,2,799,1598
18/07/2023 00:00:00,301168,10021,176,3,799,2397
18/07/2023 00:00:00,301168,10032,944,1,70,70
18/07/2023 00:00:00,301168,10021,807,3,799,2397
18/07/2023 00:00:00,301169,10071,29,2,6,12
18/07/2023 00:00:00,301169,10005,234,3,36,108
18/07/2023 00:00:00,301169,10082,522,2,20,40
18/07/2023 00:00:00,301170,10077,197,1,6,6
18/07/2023 00:00:00,301171,10063,245,3,1799,5397
18/07/2023 00:00:00,301172,10030,437,2,234,468
18/07/2023 00:00:00,301173,10013,10,1,157,157
18/07/2023 00:00:00,301173,10017,409,3,999,2997
18/07/2023 00:00:00,301173,10071,253,2,6,12
18/07/2023 00:00:00,301173,10058,512,1,799,799
18/07/2023 00:00:00,301173,10013,672,3,157,471
18/07/2023 00:00:00,301174,10011,332,3,106,318
18/07/2023 00:00:00,301175,10039,247,2,799,1598
19/07/2023 00:00:00,301176,10040,612,2,949,1898
19/07/2023 00:00:00,301177,10009,78,2,80,160
19/07/2023 00:00:00,301177,10017,926,3,999,2997
19/07/2023 00:00:00,301177,10060,489,3,579,1737
19/07/2023 00:00:00,301178,10063,178,2,1799,3598
19/07/2023 00:00:00,301179,10075,702,2,5,10
19/07/2023 00:00:00,301180,10073,773,3,7,21
19/07/2023 00:00:00,301180,10071,411,3,6,18
19/07/2023 00:00:00,301181,10032,1000,2,70,140
19/07/2023 00:00:00,301182,10003,854,1,149,149
19/07/2023 00:00:00,301183,10005,891,1,36,36
19/07/2023 00:00:00,301183,10018,450,2,1099,2198
19/07/2023 00:00:00,301184,10040,608,1,949,949
19/07/2023 00:00:00,301185,10041,881,1,749,749
20/07/2023 00:00:00,301186,10044,801,3,750,2250
20/07/2023 00:00:00,301187,10038,976,2,379,758
20/07/2023 00:00:00,301188,10055,587,3,95,285
20/07/2023 00:00:00,301188,10083,392,3,50,150
20/07/2023 00:00:00,301188,10013,637,3,157,471
20/07/2023 00:00:00,301189,10051,911,3,900,2700
20/07/2023 00:00:00,301189,10003,244,3,149,447
20/07/2023 00:00:00,301190,10083,994,2,50,100
20/07/2023 00:00:00,301191,10069,128,1,5,5
20/07/2023 00:00:00,301192,10068,741,2,279,558
21/07/2023 00:00:00,301193,10014,979,1,1199,1199
21/07/2023 00:00:00,301193,10083,714,3,50,150
21/07/2023 00:00:00,301193,10061,251,3,1199,3597
21/07/2023 00:00:00,301194,10017,104,1,999,999
21/07/2023 00:00:00,301194,10069,973,2,5,10
21/07/2023 00:00:00,301194,10057,716,3,1099,3297
21/07/2023 00:00:00,301194,10004,950,1,35,35
21/07/2023 00:00:00,301194,10081,908,2,5,10
21/07/2023 00:00:00,301195,10045,744,3,499,1497
21/07/2023 00:00:00,301195,10086,899,2,13,26
21/07/2023 00:00:00,301196,10058,24,2,799,1598
21/07/2023 00:00:00,301197,10018,792,2,1099,2198
21/07/2023 00:00:00,301198,10079,324,1,7,7
21/07/2023 00:00:00,301199,10076,822,2,7,14
21/07/2023 00:00:00,301199,10055,394,3,95,285
21/07/2023 00:00:00,301199,10008,242,1,50,50
21/07/2023 00:00:00,301199,10019,192,2,1299,2598
21/07/2023 00:00:00,301200,10005,524,1,36,36
21/07/2023 00:00:00,301200,10042,381,1,1849,1849
21/07/2023 00:00:00,301201,10057,534,1,1099,1099
21/07/2023 00:00:00,301202,10035,131,1,52,52
21/07/2023 00:00:00,301203,10033,590,3,295,885
21/07/2023 00:00:00,301204,10046,870,2,200,400
21/07/2023 00:00:00,301204,10014,452,1,1199,1199
21/07/2023 00:00:00,301204,10015,77,3,1399,4197
21/07/2023 00:00:00,301205,10080,43,1,6,6
21/07/2023 00:00:00,301205,10026,455,2,850,1700
21/07/2023 00:00:00,301205,10064,421,2,1249,2498
21/07/2023 00:00:00,301205,10017,62,3,999,2997
22/07/2023 00:00:00,301206,10057,828,1,1099,1099
22/07/2023 00:00:00,301207,10051,370,2,900,1800
22/07/2023 00:00:00,301207,10050,2,1,700,700
22/07/2023 00:00:00,301208,10036,407,2,111,222
22/07/2023 00:00:00,301208,10071,808,2,6,12
22/07/2023 00:00:00,301209,10009,379,1,80,80
22/07/2023 00:00:00,301210,10009,774,3,80,240
22/07/2023 00:00:00,301211,10022,970,2,899,1798
22/07/2023 00:00:00,301211,10078,897,3,5,15
22/07/2023 00:00:00,301212,10074,796,2,6,12
22/07/2023 00:00:00,301213,10014,217,1,1199,1199
22/07/2023 00:00:00,301214,10062,56,1,1499,1499
22/07/2023 00:00:00,301215,10030,504,2,234,468
22/07/2023 00:00:00,301216,10071,351,2,6,12
22/07/2023 00:00:00,301216,10009,479,2,80,160
23/07/2023 00:00:00,301217,10028,453,2,1500,3000
23/07/2023 00:00:00,301217,10081,954,1,5,5
23/07/2023 00:00:00,301218,10006,332,3,24,72
23/07/2023 00:00:00,301218,10077,721,2,6,12
23/07/2023 00:00:00,301218,10077,327,2,6,12
23/07/2023 00:00:00,301219,10073,616,2,7,14
23/07/2023 00:00:00,301220,10006,205,1,24,24
23/07/2023 00:00:00,301220,10020,227,3,1499,4497
23/07/2023 00:00:00,301220,10036,986,1,111,111
23/07/2023 00:00:00,301220,10049,604,2,450,900
23/07/2023 00:00:00,301220,10025,110,1,399,399
23/07/2023 00:00:00,301221,10005,941,2,36,72
23/07/2023 00:00:00,301222,10007,437,2,230,460
23/07/2023 00:00:00,301222,10059,88,1,269,269
23/07/2023 00:00:00,301223,10003,881,3,149,447
23/07/2023 00:00:00,301223,10017,910,1,999,999
23/07/2023 00:00:00,301224,10019,717,1,1299,1299
23/07/2023 00:00:00,301224,10049,689,1,450,450
23/07/2023 00:00:00,301224,10008,253,1,50,50
23/07/2023 00:00:00,301224,10032,1000,1,70,70
23/07/2023 00:00:00,301225,10041,496,3,749,2247
24/07/2023 00:00:00,301226,10022,764,3,899,2697
24/07/2023 00:00:00,301226,10051,416,2,900,1800
24/07/2023 00:00:00,301226,10078,176,1,5,5
24/07/2023 00:00:00,301227,10053,283,3,90,270
24/07/2023 00:00:00,301227,10005,350,3,36,108
24/07/2023 00:00:00,301227,10046,433,1,200,200
24/07/2023 00:00:00,301228,10038,227,1,379,379
24/07/2023 00:00:00,301229,10006,702,2,24,48
24/07/2023 00:00:00,301230,10049,705,2,450,900
24/07/2023 00:00:00,301230,10018,535,3,1099,3297
24/07/2023 00:00:00,301230,10030,734,2,234,468
24/07/2023 00:00:00,301231,10046,174,3,200,600
24/07/2023 00:00:00,301231,10053,295,2,90,180
24/07/2023 00:00:00,301231,10063,652,2,1799,3598
25/07/2023 00:00:00,301232,10009,406,2,80,160
25/07/2023 00:00:00,301233,10046,609,2,200,400
25/07/2023 00:00:00,301234,10029,145,3,44,132
25/07/2023 00:00:00,301235,10070,187,1,7,7
25/07/2023 00:00:00,301236,10032,476,2,70,140
25/07/2023 00:00:00,301236,10026,111,1,850,850
25/07/2023 00:00:00,301236,10024,247,3,199,597
25/07/2023 00:00:00,301237,10013,833,2,157,314
25/07/2023 00:00:00,301237,10086,443,1,13,13
26/07/2023 00:00:00,301238,10046,383,3,200,600
26/07/2023 00:00:00,301239,10056,863,2,999,1998
26/07/2023 00:00:00,301239,10069,50,3,5,15
26/07/2023 00:00:00,301239,10078,716,2,5,10
26/07/2023 00:00:00,301239,10086,936,2,13,26
26/07/2023 00:00:00,301239,10081,606,2,5,10
26/07/2023 00:00:00,301240,10070,253,3,7,21
26/07/2023 00:00:00,301241,10034,359,1,90,90
26/07/2023 00:00:00,301242,10068,1,3,279,837
26/07/2023 00:00:00,301243,10031,942,3,25,75
26/07/2023 00:00:00,301243,10058,48,3,799,2397
26/07/2023 00:00:00,301244,10005,2,3,36,108
26/07/2023 00:00:00,301245,10084,105,3,7,21
26/07/2023 00:00:00,301245,10030,426,1,234,234
26/07/2023 00:00:00,301245,10066,780,1,149,149
26/07/2023 00:00:00,301246,10056,403,2,999,1998
26/07/2023 00:00:00,301246,10036,254,1,111,111
26/07/2023 00:00:00,301246,10052,897,3,300,900
26/07/2023 00:00:00,301246,10073,236,3,7,21
26/07/2023 00:00:00,301246,10016,194,2,1599,3198
26/07/2023 00:00:00,301246,10046,594,2,200,400
26/07/2023 00:00:00,301246,10066,405,3,149,447
26/07/2023 00:00:00,301246,10031,727,3,25,75
26/07/2023 00:00:00,301246,10082,911,1,20,20
26/07/2023 00:00:00,301247,10043,592,2,450,900
26/07/2023 00:00:00,301248,10053,884,2,90,180
27/07/2023 00:00:00,301249,10063,407,2,1799,3598
27/07/2023 00:00:00,301249,10038,58,1,379,379
27/07/2023 00:00:00,301249,10052,962,2,300,600
27/07/2023 00:00:00,301250,10038,517,3,379,1137
27/07/2023 00:00:00,301250,10066,161,3,149,447
27/07/2023 00:00:00,301251,10036,534,1,111,111
27/07/2023 00:00:00,301252,10015,429,1,1399,1399
27/07/2023 00:00:00,301252,10063,879,2,1799,3598
27/07/2023 00:00:00,301252,10066,151,1,149,149
27/07/2023 00:00:00,301252,10019,359,1,1299,1299
27/07/2023 00:00:00,301253,10074,707,3,6,18
27/07/2023 00:00:00,301253,10065,234,3,399,1197
27/07/2023 00:00:00,301254,10056,943,1,999,999
27/07/2023 00:00:00,301254,10040,831,1,949,949
27/07/2023 00:00:00,301254,10029,342,2,44,88
27/07/2023 00:00:00,301255,10039,199,1,799,799
28/07/2023 00:00:00,301256,10031,876,3,25,75
28/07/2023 00:00:00,301257,10021,611,2,799,1598
28/07/2023 00:00:00,301257,10013,388,3,157,471
28/07/2023 00:00:00,301257,10080,944,2,6,12
28/07/2023 00:00:00,301258,10083,751,3,50,150
28/07/2023 00:00:00,301258,10009,260,1,80,80
28/07/2023 00:00:00,301258,10019,361,1,1299,1299
28/07/2023 00:00:00,301258,10086,293,1,13,13
28/07/2023 00:00:00,301258,10029,716,1,44,44
28/07/2023 00:00:00,301258,10013,922,2,157,314
28/07/2023 00:00:00,301258,10008,701,2,50,100
28/07/2023 00:00:00,301259,10057,832,3,1099,3297
28/07/2023 00:00:00,301260,10023,300,1,1099,1099
28/07/2023 00:00:00,301261,10065,144,2,399,798
28/07/2023 00:00:00,301262,10020,499,2,1499,2998
28/07/2023 00:00:00,301263,10031,910,2,25,50
28/07/2023 00:00:00,301263,10073,368,2,7,14
28/07/2023 00:00:00,301263,10054,753,3,250,750
28/07/2023 00:00:00,301263,10066,400,1,149,149
28/07/2023 00:00:00,301264,10028,244,1,1500,1500
29/07/2023 00:00:00,301265,10019,28,1,1299,1299
29/07/2023 00:00:00,301266,10029,367,2,44,88
29/07/2023 00:00:00,301266,10007,590,3,230,690
29/07/2023 00:00:00,301267,10076,610,2,7,14
29/07/2023 00:00:00,301267,10067,188,1,269,269
29/07/2023 00:00:00,301268,10067,845,2,269,538
29/07/2023 00:00:00,301269,10024,744,3,199,597
29/07/2023 00:00:00,301270,10054,267,3,250,750
29/07/2023 00:00:00,301270,10032,595,3,70,210
29/07/2023 00:00:00,301271,10043,901,1,450,450
29/07/2023 00:00:00,301272,10059,655,2,269,538
29/07/2023 00:00:00,301273,10078,372,3,5,15
29/07/2023 00:00:00,301273,10017,103,1,999,999
29/07/2023 00:00:00,301273,10049,230,2,450,900
29/07/2023 00:00:00,301273,10011,752,1,106,106
29/07/2023 00:00:00,301273,10027,589,3,109,327
29/07/2023 00:00:00,301273,10039,511,3,799,2397
29/07/2023 00:00:00,301274,10056,415,3,999,2997
29/07/2023 00:00:00,301274,10072,503,1,5,5
29/07/2023 00:00:00,301275,10023,256,1,1099,1099
29/07/2023 00:00:00,301275,10002,41,2,81,162
29/07/2023 00:00:00,301275,10016,391,3,1599,4797
30/07/2023 00:00:00,301276,10031,180,3,25,75
30/07/2023 00:00:00,301276,10003,586,3,149,447
30/07/2023 00:00:00,301276,10028,795,1,1500,1500
30/07/2023 00:00:00,301277,10020,659,2,1499,2998
30/07/2023 00:00:00,301278,10037,372,2,500,1000
30/07/2023 00:00:00,301278,10058,167,3,799,2397
30/07/2023 00:00:00,301279,10026,354,1,850,850
30/07/2023 00:00:00,301279,10015,816,2,1399,2798
30/07/2023 00:00:00,301280,10038,683,1,379,379
30/07/2023 00:00:00,301281,10001,293,3,27,81
30/07/2023 00:00:00,301281,10039,840,1,799,799
30/07/2023 00:00:00,301282,10003,80,1,149,149
31/07/2023 00:00:00,301283,10042,465,1,1849,1849
31/07/2023 00:00:00,301284,10041,669,2,749,1498
31/07/2023 00:00:00,301284,10020,627,2,1499,2998
31/07/2023 00:00:00,301284,10047,122,3,300,900
31/07/2023 00:00:00,301285,10011,715,2,106,212
31/07/2023 00:00:00,301286,10031,597,1,25,25
31/07/2023 00:00:00,301287,10076,335,2,7,14
31/07/2023 00:00:00,301288,10082,729,1,20,20
31/07/2023 00:00:00,301289,10073,578,2,7,14
31/07/2023 00:00:00,301290,10076,300,3,7,21
31/07/2023 00:00:00,301290,10078,101,1,5,5
31/07/2023 00:00:00,301291,10010,736,1,29,29
31/07/2023 00:00:00,301292,10074,686,3,6,18
31/07/2023 00:00:00,301293,10003,48,1,149,149
31/07/2023 00:00:00,301293,10038,755,3,379,1137
01/08/2023 00:00:00,301294,10019,314,3,1299,3897
01/08/2023 00:00:00,301294,10072,644,2,5,10
01/08/2023 00:00:00,301295,10060,127,3,579,1737
01/08/2023 00:00:00,301295,10053,111,2,90,180
01/08/2023 00:00:00,301296,10041,746,3,749,2247
01/08/2023 00:00:00,301297,10048,242,1,500,500
01/08/2023 00:00:00,301297,10067,591,3,269,807
01/08/2023 00:00:00,301297,10004,348,2,35,70
01/08/2023 00:00:00,301297,10055,715,2,95,190
01/08/2023 00:00:00,301298,10057,325,3,1099,3297
01/08/2023 00:00:00,301298,10081,741,1,5,5
01/08/2023 00:00:00,301298,10058,350,3,799,2397
01/08/2023 00:00:00,301299,10020,49,2,1499,2998
01/08/2023 00:00:00,301300,10064,57,3,1249,3747
01/08/2023 00:00:00,301301,10009,85,3,80,240
01/08/2023 00:00:00,301301,10069,171,1,5,5
01/08/2023 00:00:00,301301,10027,779,1,109,109
01/08/2023 00:00:00,301302,10009,45,2,80,160
01/08/2023 00:00:00,301303,10045,178,3,499,1497
01/08/2023 00:00:00,301303,10079,189,3,7,21
01/08/2023 00:00:00,301303,10044,879,2,750,1500
01/08/2023 00:00:00,301303,10068,140,3,279,837
02/08/2023 00:00:00,301304,10049,282,3,450,1350
02/08/2023 00:00:00,301305,10075,454,1,5,5
02/08/2023 00:00:00,301306,10009,339,3,80,240
02/08/2023 00:00:00,301307,10005,228,1,36,36
02/08/2023 00:00:00,301308,10036,328,3,111,333
02/08/2023 00:00:00,301309,10024,400,3,199,597
02/08/2023 00:00:00,301309,10055,783,3,95,285
02/08/2023 00:00:00,301309,10022,811,3,899,2697
02/08/2023 00:00:00,301310,10027,318,2,109,218
02/08/2023 00:00:00,301311,10011,411,3,106,318
02/08/2023 00:00:00,301312,10082,468,1,20,20
02/08/2023 00:00:00,301312,10062,332,3,1499,4497
03/08/2023 00:00:00,301313,10010,289,2,29,58
03/08/2023 00:00:00,301313,10035,745,2,52,104
03/08/2023 00:00:00,301314,10019,452,2,1299,2598
03/08/2023 00:00:00,301314,10049,968,2,450,900
03/08/2023 00:00:00,301315,10077,500,2,6,12
03/08/2023 00:00:00,301316,10029,855,2,44,88
03/08/2023 00:00:00,301317,10013,339,2,157,314
03/08/2023 00:00:00,301317,10029,999,3,44,132
03/08/2023 00:00:00,301317,10034,196,3,90,270
03/08/2023 00:00:00,301318,10031,235,2,25,50
03/08/2023 00:00:00,301319,10013,707,2,157,314
03/08/2023 00:00:00,301320,10070,471,3,7,21
03/08/2023 00:00:00,301320,10040,410,1,949,949
03/08/2023 00:00:00,301321,10019,887,2,1299,2598
03/08/2023 00:00:00,301321,10078,862,3,5,15
03/08/2023 00:00:00,301322,10082,792,1,20,20
04/08/2023 00:00:00,301323,10059,636,1,269,269
04/08/2023 00:00:00,301323,10001,10,1,27,27
04/08/2023 00:00:00,301324,10059,705,3,269,807
04/08/2023 00:00:00,301324,10084,872,3,7,21
04/08/2023 00:00:00,301324,10073,994,3,7,21
04/08/2023 00:00:00,301324,10069,216,3,5,15
04/08/2023 00:00:00,301324,10024,481,3,199,597
04/08/2023 00:00:00,301324,10001,888,2,27,54
04/08/2023 00:00:00,301325,10082,288,2,20,40
04/08/2023 00:00:00,301325,10004,908,2,35,70
04/08/2023 00:00:00,301325,10082,591,1,20,20
04/08/2023 00:00:00,301325,10021,200,3,799,2397
04/08/2023 00:00:00,301325,10026,783,1,850,850
04/08/2023 00:00:00,301325,10012,175,2,70,140
04/08/2023 00:00:00,301325,10054,383,2,250,500
04/08/2023 00:00:00,301326,10007,319,2,230,460
04/08/2023 00:00:00,301327,10024,849,2,199,398
04/08/2023 00:00:00,301328,10047,680,2,300,600
04/08/2023 00:00:00,301328,10071,143,1,6,6
04/08/2023 00:00:00,301328,10062,858,1,1499,1499
04/08/2023 00:00:00,301329,10081,874,3,5,15
04/08/2023 00:00:00,301329,10045,15,3,499,1497
04/08/2023 00:00:00,301329,10037,193,3,500,1500
04/08/2023 00:00:00,301329,10069,593,2,5,10
05/08/2023 00:00:00,301330,10071,379,3,6,18
05/08/2023 00:00:00,301330,10070,967,2,7,14
05/08/2023 00:00:00,301330,10025,417,3,399,1197
05/08/2023 00:00:00,301331,10004,423,2,35,70
05/08/2023 00:00:00,301331,10018,554,2,1099,2198
05/08/2023 00:00:00,301332,10085,590,2,6,12
05/08/2023 00:00:00,301333,10040,353,2,949,1898
05/08/2023 00:00:00,301334,10057,436,1,1099,1099
06/08/2023 00:00:00,301335,10024,66,2,199,398
06/08/2023 00:00:00,301335,10038,687,3,379,1137
06/08/2023 00:00:00,301336,10084,593,1,7,7
06/08/2023 00:00:00,301337,10025,939,2,399,798
06/08/2023 00:00:00,301338,10078,485,1,5,5
06/08/2023 00:00:00,301339,10034,899,2,90,180
06/08/2023 00:00:00,301339,10050,564,2,700,1400
06/08/2023 00:00:00,301339,10018,860,1,1099,1099
06/08/2023 00:00:00,301340,10085,393,2,6,12
07/08/2023 00:00:00,301341,10083,622,1,50,50
07/08/2023 00:00:00,301342,10056,221,2,999,1998
07/08/2023 00:00:00,301343,10037,790,1,500,500
07/08/2023 00:00:00,301344,10043,875,2,450,900
07/08/2023 00:00:00,301344,10029,261,2,44,88
07/08/2023 00:00:00,301345,10043,825,1,450,450
07/08/2023 00:00:00,301345,10034,769,3,90,270
07/08/2023 00:00:00,301346,10075,338,1,5,5
07/08/2023 00:00:00,301347,10054,409,2,250,500
07/08/2023 00:00:00,301347,10082,223,3,20,60
07/08/2023 00:00:00,301347,10054,865,3,250,750
07/08/2023 00:00:00,301348,10010,637,1,29,29
07/08/2023 00:00:00,301348,10065,276,3,399,1197
07/08/2023 00:00:00,301348,10022,230,1,899,899
07/08/2023 00:00:00,301349,10079,216,1,7,7
07/08/2023 00:00:00,301350,10073,198,3,7,21
07/08/2023 00:00:00,301351,10014,217,3,1199,3597
07/08/2023 00:00:00,301351,10013,755,3,157,471
07/08/2023 00:00:00,301351,10016,412,2,1599,3198
07/08/2023 00:00:00,301352,10082,299,3,20,60
07/08/2023 00:00:00,301352,10008,889,2,50,100
07/08/2023 00:00:00,301352,10051,948,3,900,2700
07/08/2023 00:00:00,301352,10010,414,2,29,58
07/08/2023 00:00:00,301352,10010,335,1,29,29
07/08/2023 00:00:00,301352,10055,988,1,95,95
08/08/2023 00:00:00,301353,10085,741,2,6,12
08/08/2023 00:00:00,301354,10064,722,1,1249,1249
08/08/2023 00:00:00,301355,10060,197,3,579,1737
08/08/2023 00:00:00,301356,10034,267,3,90,270
08/08/2023 00:00:00,301357,10080,287,2,6,12
08/08/2023 00:00:00,301357,10017,211,3,999,2997
09/08/2023 00:00:00,301358,10036,202,2,111,222
09/08/2023 00:00:00,301359,10017,680,2,999,1998
09/08/2023 00:00:00,301359,10057,952,3,1099,3297
09/08/2023 00:00:00,301359,10044,896,3,750,2250
09/08/2023 00:00:00,301359,10008,975,2,50,100
09/08/2023 00:00:00,301359,10036,746,3,111,333
09/08/2023 00:00:00,301360,10043,153,1,450,450
09/08/2023 00:00:00,301360,10064,213,2,1249,2498
09/08/2023 00:00:00,301361,10043,226,2,450,900
09/08/2023 00:00:00,301361,10016,420,2,1599,3198
09/08/2023 00:00:00,301362,10031,348,2,25,50
09/08/2023 00:00:00,301363,10066,248,2,149,298
09/08/2023 00:00:00,301363,10026,91,2,850,1700
09/08/2023 00:00:00,301363,10006,806,2,24,48
09/08/2023 00:00:00,301364,10009,27,3,80,240
09/08/2023 00:00:00,301364,10080,167,2,6,12
09/08/2023 00:00:00,301364,10060,936,3,579,1737
10/08/2023 00:00:00,301365,10054,846,3,250,750
10/08/2023 00:00:00,301365,10078,176,3,5,15
10/08/2023 00:00:00,301365,10069,202,1,5,5
10/08/2023 00:00:00,301365,10078,76,1,5,5
10/08/2023 00:00:00,301366,10055,922,2,95,190
10/08/2023 00:00:00,301367,10077,851,1,6,6
10/08/2023 00:00:00,301367,10060,869,1,579,579
10/08/2023 00:00:00,301368,10010,883,2,29,58
10/08/2023 00:00:00,301368,10063,544,3,1799,5397
10/08/2023 00:00:00,301368,10041,888,2,749,1498
10/08/2023 00:00:00,301369,10026,346,3,850,2550
10/08/2023 00:00:00,301370,10009,145,1,80,80
10/08/2023 00:00:00,301371,10005,646,1,36,36
10/08/2023 00:00:00,301372,10063,427,3,1799,5397
10/08/2023 00:00:00,301372,10023,631,1,1099,1099
10/08/2023 00:00:00,301372,10035,877,1,52,52
10/08/2023 00:00:00,301373,10032,992,1,70,70
10/08/2023 00:00:00,301373,10008,6,3,50,150
10/08/2023 00:00:00,301373,10012,157,3,70,210
10/08/2023 00:00:00,301373,10062,204,2,1499,2998
10/08/2023 00:00:00,301373,10086,48,3,13,39
10/08/2023 00:00:00,301374,10036,642,1,111,111
10/08/2023 00:00:00,301375,10020,7,3,1499,4497
10/08/2023 00:00:00,301376,10005,4,1,36,36
10/08/2023 00:00:00,301376,10068,64,1,279,279
10/08/2023 00:00:00,301376,10037,681,3,500,1500
11/08/2023 00:00:00,301377,10055,477,2,95,190
11/08/2023 00:00:00,301378,10021,733,3,799,2397
11/08/2023 00:00:00,301379,10029,648,2,44,88
11/08/2023 00:00:00,301380,10044,873,2,750,1500
11/08/2023 00:00:00,301380,10084,796,1,7,7
11/08/2023 00:00:00,301380,10040,706,1,949,949
11/08/2023 00:00:00,301380,10066,94,3,149,447
11/08/2023 00:00:00,301380,10057,131,2,1099,2198
11/08/2023 00:00:00,301381,10071,219,2,6,12
11/08/2023 00:00:00,301381,10004,370,1,35,35
11/08/2023 00:00:00,301382,10015,239,2,1399,2798
11/08/2023 00:00:00,301383,10056,715,1,999,999
11/08/2023 00:00:00,301384,10033,274,2,295,590
11/08/2023 00:00:00,301384,10007,316,1,230,230
11/08/2023 00:00:00,301384,10034,234,1,90,90
12/08/2023 00:00:00,301385,10057,916,2,1099,2198
12/08/2023 00:00:00,301385,10075,856,3,5,15
12/08/2023 00:00:00,301386,10025,93,3,399,1197
12/08/2023 00:00:00,301386,10057,806,2,1099,2198
12/08/2023 00:00:00,301386,10061,679,2,1199,2398
12/08/2023 00:00:00,301387,10037,861,3,500,1500
12/08/2023 00:00:00,301388,10035,104,3,52,156
12/08/2023 00:00:00,301388,10073,103,2,7,14
12/08/2023 00:00:00,301389,10044,741,3,750,2250
12/08/2023 00:00:00,301389,10013,919,2,157,314
12/08/2023 00:00:00,301390,10084,288,3,7,21
12/08/2023 00:00:00,301390,10028,881,3,1500,4500
13/08/2023 00:00:00,301391,10037,24,3,500,1500
13/08/2023 00:00:00,301392,10019,812,1,1299,1299
13/08/2023 00:00:00,301392,10047,986,2,300,600
13/08/2023 00:00:00,301392,10014,252,3,1199,3597
13/08/2023 00:00:00,301393,10020,114,2,1499,2998
13/08/2023 00:00:00,301394,10066,227,3,149,447
13/08/2023 00:00:00,301394,10081,777,2,5,10
13/08/2023 00:00:00,301395,10049,458,3,450,1350
13/08/2023 00:00:00,301395,10026,786,2,850,1700
13/08/2023 00:00:00,301396,10065,306,3,399,1197
13/08/2023 00:00:00,301396,10038,132,3,379,1137
13/08/2023 00:00:00,301396,10035,295,1,52,52
13/08/2023 00:00:00,301397,10032,528,1,70,70
13/08/2023 00:00:00,301398,10041,302,2,749,1498
13/08/2023 00:00:00,301398,10072,464,1,5,5
13/08/2023 00:00:00,301399,10018,109,3,1099,3297
13/08/2023 00:00:00,301399,10073,304,3,7,21
13/08/2023 00:00:00,301399,10079,976,3,7,21
13/08/2023 00:00:00,301400,10040,33,1,949,949
13/08/2023 00:00:00,301400,10024,942,3,199,597
13/08/2023 00:00:00,301400,10070,750,1,7,7
13/08/2023 00:00:00,301400,10016,226,1,1599,1599
13/08/2023 00:00:00,301400,10021,401,2,799,1598
13/08/2023 00:00:00,301400,10036,88,3,111,333
13/08/2023 00:00:00,301400,10040,510,3,949,2847
13/08/2023 00:00:00,301400,10029,898,3,44,132
13/08/2023 00:00:00,301400,10045,403,2,499,998
13/08/2023 00:00:00,301401,10026,828,2,850,1700
13/08/2023 00:00:00,301402,10020,711,1,1499,1499
13/08/2023 00:00:00,301402,10022,211,1,899,899
14/08/2023 00:00:00,301403,10035,902,2,52,104
14/08/2023 00:00:00,301404,10024,79,3,199,597
14/08/2023 00:00:00,301405,10063,658,3,1799,5397
14/08/2023 00:00:00,301406,10033,105,3,295,885
14/08/2023 00:00:00,301406,10073,226,1,7,7
14/08/2023 00:00:00,301406,10010,548,1,29,29
15/08/2023 00:00:00,301407,10030,146,1,234,234
15/08/2023 00:00:00,301407,10013,544,1,157,157
15/08/2023 00:00:00,301407,10040,199,2,949,1898
15/08/2023 00:00:00,301407,10035,309,3,52,156
15/08/2023 00:00:00,301407,10086,426,3,13,39
15/08/2023 00:00:00,301407,10008,511,2,50,100
15/08/2023 00:00:00,301408,10004,909,2,35,70
15/08/2023 00:00:00,301408,10015,90,2,1399,2798
15/08/2023 00:00:00,301409,10043,767,3,450,1350
15/08/2023 00:00:00,301410,10048,791,1,500,500
15/08/2023 00:00:00,301410,10054,918,2,250,500
15/08/2023 00:00:00,301411,10032,847,1,70,70
15/08/2023 00:00:00,301412,10045,931,3,499,1497
15/08/2023 00:00:00,301413,10073,986,3,7,21
15/08/2023 00:00:00,301414,10075,229,1,5,5
15/08/2023 00:00:00,301415,10082,509,1,20,20
16/08/2023 00:00:00,301416,10056,679,1,999,999
16/08/2023 00:00:00,301417,10019,139,3,1299,3897
16/08/2023 00:00:00,301417,10043,828,1,450,450
16/08/2023 00:00:00,301418,10077,581,3,6,18
16/08/2023 00:00:00,301418,10005,691,3,36,108
16/08/2023 00:00:00,301419,10057,557,3,1099,3297
16/08/2023 00:00:00,301419,10034,175,2,90,180
16/08/2023 00:00:00,301419,10043,63,3,450,1350
16/08/2023 00:00:00,301420,10019,961,2,1299,2598
16/08/2023 00:00:00,301420,10086,16,3,13,39
16/08/2023 00:00:00,301420,10050,645,1,700,700
16/08/2023 00:00:00,301421,10016,975,3,1599,4797
16/08/2023 00:00:00,301422,10004,379,3,35,105
16/08/2023 00:00:00,301422,10075,632,2,5,10
16/08/2023 00:00:00,301423,10014,502,2,1199,2398
16/08/2023 00:00:00,301423,10009,855,2,80,160
16/08/2023 00:00:00,301424,10038,574,1,379,379
16/08/2023 00:00:00,301425,10085,574,1,6,6
16/08/2023 00:00:00,301425,10055,959,1,95,95
16/08/2023 00:00:00,301425,10007,779,2,230,460
17/08/2023 00:00:00,301426,10063,449,3,1799,5397
17/08/2023 00:00:00,301427,10060,93,2,579,1158
17/08/2023 00:00:00,301428,10063,112,2,1799,3598
17/08/2023 00:00:00,301429,10047,22,3,300,900
17/08/2023 00:00:00,301429,10037,201,1,500,500
17/08/2023 00:00:00,301430,10047,213,1,300,300
17/08/2023 00:00:00,301430,10007,102,3,230,690
17/08/2023 00:00:00,301431,10080,606,1,6,6
17/08/2023 00:00:00,301431,10024,380,1,199,199
18/08/2023 00:00:00,301432,10073,7,1,7,7
18/08/2023 00:00:00,301432,10038,8,2,379,758
18/08/2023 00:00:00,301432,10019,723,2,1299,2598
18/08/2023 00:00:00,301432,10063,672,1,1799,1799
18/08/2023 00:00:00,301432,10034,879,1,90,90
18/08/2023 00:00:00,301432,10021,796,3,799,2397
18/08/2023 00:00:00,301433,10006,196,1,24,24
18/08/2023 00:00:00,301433,10057,368,1,1099,1099
18/08/2023 00:00:00,301434,10028,344,2,1500,3000
18/08/2023 00:00:00,301435,10014,765,3,1199,3597
18/08/2023 00:00:00,301435,10034,565,3,90,270
18/08/2023 00:00:00,301436,10065,153,2,399,798
18/08/2023 00:00:00,301436,10024,443,2,199,398
18/08/2023 00:00:00,301436,10058,745,1,799,799
18/08/2023 00:00:00,301436,10003,408,1,149,149
18/08/2023 00:00:00,301437,10008,582,1,50,50
18/08/2023 00:00:00,301437,10003,459,1,149,149
18/08/2023 00:00:00,301438,10057,955,3,1099,3297
18/08/2023 00:00:00,301438,10001,632,3,27,81
18/08/2023 00:00:00,301438,10041,523,1,749,749
18/08/2023 00:00:00,301438,10035,74,2,52,104
19/08/2023 00:00:00,301439,10082,248,3,20,60
19/08/2023 00:00:00,301440,10044,511,1,750,750
19/08/2023 00:00:00,301441,10080,565,3,6,18
19/08/2023 00:00:00,301441,10038,639,2,379,758
19/08/2023 00:00:00,301442,10079,447,1,7,7
19/08/2023 00:00:00,301442,10067,227,3,269,807
19/08/2023 00:00:00,301443,10004,159,1,35,35
19/08/2023 00:00:00,301443,10060,887,2,579,1158
19/08/2023 00:00:00,301443,10070,613,3,7,21
19/08/2023 00:00:00,301443,10043,882,1,450,450
19/08/2023 00:00:00,301444,10005,3,3,36,108
19/08/2023 00:00:00,301444,10043,565,3,450,1350
19/08/2023 00:00:00,301444,10016,532,3,1599,4797
19/08/2023 00:00:00,301444,10006,640,3,24,72
19/08/2023 00:00:00,301445,10068,618,2,279,558
19/08/2023 00:00:00,301445,10008,917,1,50,50
19/08/2023 00:00:00,301445,10055,61,3,95,285
19/08/2023 00:00:00,301446,10045,599,1,499,499
19/08/2023 00:00:00,301446,10009,645,1,80,80
19/08/2023 00:00:00,301447,10061,893,3,1199,3597
19/08/2023 00:00:00,301447,10026,969,3,850,2550
19/08/2023 00:00:00,301447,10029,737,3,44,132
19/08/2023 00:00:00,301447,10070,413,2,7,14
19/08/2023 00:00:00,301447,10027,986,3,109,327
19/08/2023 00:00:00,301447,10050,379,2,700,1400
19/08/2023 00:00:00,301448,10002,766,3,81,243
19/08/2023 00:00:00,301449,10058,54,2,799,1598
19/08/2023 00:00:00,301449,10049,283,2,450,900
19/08/2023 00:00:00,301449,10067,804,3,269,807
19/08/2023 00:00:00,301450,10074,329,3,6,18
20/08/2023 00:00:00,301451,10078,537,3,5,15
20/08/2023 00:00:00,301451,10009,796,3,80,240
20/08/2023 00:00:00,301452,10075,516,3,5,15
20/08/2023 00:00:00,301452,10005,844,2,36,72
20/08/2023 00:00:00,301452,10032,723,1,70,70
20/08/2023 00:00:00,301452,10018,17,2,1099,2198
20/08/2023 00:00:00,301453,10022,837,1,899,899
20/08/2023 00:00:00,301453,10067,311,2,269,538
20/08/2023 00:00:00,301453,10044,440,1,750,750
21/08/2023 00:00:00,301454,10050,455,2,700,1400
21/08/2023 00:00:00,301454,10034,687,3,90,270
21/08/2023 00:00:00,301454,10046,360,1,200,200
21/08/2023 00:00:00,301454,10014,985,2,1199,2398
21/08/2023 00:00:00,301454,10028,267,2,1500,3000
21/08/2023 00:00:00,301454,10056,623,3,999,2997
21/08/2023 00:00:00,301454,10031,379,1,25,25
21/08/2023 00:00:00,301454,10029,298,1,44,44
21/08/2023 00:00:00,301454,10086,195,1,13,13
21/08/2023 00:00:00,301454,10081,813,2,5,10
21/08/2023 00:00:00,301455,10039,857,3,799,2397
21/08/2023 00:00:00,301455,10077,578,1,6,6
21/08/2023 00:00:00,301455,10016,842,3,1599,4797
21/08/2023 00:00:00,301456,10083,493,2,50,100
21/08/2023 00:00:00,301456,10086,407,3,13,39
21/08/2023 00:00:00,301456,10026,576,3,850,2550
21/08/2023 00:00:00,301457,10010,813,3,29,87
21/08/2023 00:00:00,301458,10034,577,2,90,180
21/08/2023 00:00:00,301459,10015,639,3,1399,4197
21/08/2023 00:00:00,301459,10036,949,3,111,333
21/08/2023 00:00:00,301459,10037,72,2,500,1000
21/08/2023 00:00:00,301459,10009,135,3,80,240
21/08/2023 00:00:00,301460,10062,370,3,1499,4497
22/08/2023 00:00:00,301461,10071,134,1,6,6
22/08/2023 00:00:00,301462,10082,657,2,20,40
22/08/2023 00:00:00,301463,10047,18,1,300,300
22/08/2023 00:00:00,301464,10071,747,1,6,6
22/08/2023 00:00:00,301464,10062,751,1,1499,1499
22/08/2023 00:00:00,301465,10069,275,1,5,5
22/08/2023 00:00:00,301466,10029,929,1,44,44
22/08/2023 00:00:00,301467,10022,237,2,899,1798
22/08/2023 00:00:00,301468,10001,338,2,27,54
22/08/2023 00:00:00,301468,10084,942,2,7,14
22/08/2023 00:00:00,301468,10031,622,1,25,25
22/08/2023 00:00:00,301468,10045,974,2,499,998
22/08/2023 00:00:00,301468,10061,671,3,1199,3597
22/08/2023 00:00:00,301468,10080,384,1,6,6
22/08/2023 00:00:00,301468,10075,109,3,5,15
22/08/2023 00:00:00,301468,10057,648,2,1099,2198
22/08/2023 00:00:00,301469,10025,127,3,399,1197
22/08/2023 00:00:00,301470,10029,451,1,44,44
22/08/2023 00:00:00,301471,10050,394,3,700,2100
22/08/2023 00:00:00,301472,10004,817,2,35,70
22/08/2023 00:00:00,301472,10040,30,2,949,1898
22/08/2023 00:00:00,301472,10078,895,1,5,5
22/08/2023 00:00:00,301472,10040,613,3,949,2847
22/08/2023 00:00:00,301473,10006,564,3,24,72
22/08/2023 00:00:00,301474,10027,86,3,109,327
22/08/2023 00:00:00,301475,10015,915,2,1399,2798
22/08/2023 00:00:00,301475,10044,696,3,750,2250
22/08/2023 00:00:00,301476,10059,566,1,269,269
22/08/2023 00:00:00,301476,10039,276,2,799,1598
22/08/2023 00:00:00,301476,10064,477,1,1249,1249
23/08/2023 00:00:00,301477,10001,62,3,27,81
23/08/2023 00:00:00,301477,10067,170,2,269,538
23/08/2023 00:00:00,301477,10084,948,2,7,14
23/08/2023 00:00:00,301477,10073,253,1,7,7
23/08/2023 00:00:00,301477,10003,456,3,149,447
23/08/2023 00:00:00,301477,10049,915,1,450,450
23/08/2023 00:00:00,301478,10013,123,3,157,471
23/08/2023 00:00:00,301478,10075,303,1,5,5
23/08/2023 00:00:00,301479,10052,507,3,300,900
23/08/2023 00:00:00,301479,10071,221,3,6,18
23/08/2023 00:00:00,301479,10075,64,1,5,5
23/08/2023 00:00:00,301479,10072,85,1,5,5
23/08/2023 00:00:00,301479,10007,300,1,230,230
23/08/2023 00:00:00,301479,10085,257,3,6,18
23/08/2023 00:00:00,301480,10072,130,1,5,5
23/08/2023 00:00:00,301480,10077,457,3,6,18
23/08/2023 00:00:00,301481,10032,487,3,70,210
23/08/2023 00:00:00,301481,10008,240,1,50,50
23/08/2023 00:00:00,301481,10035,342,2,52,104
23/08/2023 00:00:00,301482,10050,682,2,700,1400
23/08/2023 00:00:00,301483,10001,391,3,27,81
23/08/2023 00:00:00,301484,10040,298,2,949,1898
23/08/2023 00:00:00,301485,10044,139,1,750,750
23/08/2023 00:00:00,301486,10069,516,1,5,5
23/08/2023 00:00:00,301486,10015,749,3,1399,4197
23/08/2023 00:00:00,301486,10069,349,1,5,5
23/08/2023 00:00:00,301486,10059,967,2,269,538
23/08/2023 00:00:00,301486,10041,787,3,749,2247
23/08/2023 00:00:00,301486,10033,472,1,295,295
23/08/2023 00:00:00,301486,10048,617,1,500,500
23/08/2023 00:00:00,301487,10086,683,3,13,39
23/08/2023 00:00:00,301488,10042,52,1,1849,1849
23/08/2023 00:00:00,301489,10009,589,2,80,160
24/08/2023 00:00:00,301490,10043,590,2,450,900
24/08/2023 00:00:00,301490,10024,143,2,199,398
24/08/2023 00:00:00,301490,10003,946,2,149,298
24/08/2023 00:00:00,301491,10003,915,1,149,149
24/08/2023 00:00:00,301492,10011,256,2,106,212
24/08/2023 00:00:00,301492,10002,834,3,81,243
24/08/2023 00:00:00,301493,10053,678,1,90,90
24/08/2023 00:00:00,301493,10074,27,1,6,6
24/08/2023 00:00:00,301494,10049,888,1,450,450
24/08/2023 00:00:00,301494,10073,28,1,7,7
24/08/2023 00:00:00,301495,10072,119,1,5,5
24/08/2023 00:00:00,301495,10036,755,1,111,111
24/08/2023 00:00:00,301496,10032,689,2,70,140
24/08/2023 00:00:00,301497,10010,699,1,29,29
24/08/2023 00:00:00,301497,10059,905,2,269,538
24/08/2023 00:00:00,301497,10041,770,1,749,749
24/08/2023 00:00:00,301497,10051,92,1,900,900
24/08/2023 00:00:00,301498,10059,82,1,269,269
24/08/2023 00:00:00,301499,10075,309,3,5,15
24/08/2023 00:00:00,301500,10031,74,2,25,50
24/08/2023 00:00:00,301500,10083,562,3,50,150
24/08/2023 00:00:00,301501,10037,640,1,500,500
24/08/2023 00:00:00,301501,10005,696,2,36,72
24/08/2023 00:00:00,301501,10021,109,1,799,799
24/08/2023 00:00:00,301501,10069,15,2,5,10
24/08/2023 00:00:00,301501,10044,983,1,750,750
24/08/2023 00:00:00,301502,10043,54,2,450,900
24/08/2023 00:00:00,301502,10002,163,2,81,162
24/08/2023 00:00:00,301502,10051,202,1,900,900
25/08/2023 00:00:00,301503,10077,294,1,6,6
25/08/2023 00:00:00,301503,10053,243,1,90,90
25/08/2023 00:00:00,301504,10081,342,3,5,15
25/08/2023 00:00:00,301505,10044,581,3,750,2250
25/08/2023 00:00:00,301505,10003,392,1,149,149
25/08/2023 00:00:00,301506,10050,452,2,700,1400
25/08/2023 00:00:00,301507,10064,146,3,1249,3747
25/08/2023 00:00:00,301507,10074,920,3,6,18
25/08/2023 00:00:00,301508,10037,181,1,500,500
25/08/2023 00:00:00,301508,10083,985,3,50,150
25/08/2023 00:00:00,301508,10026,977,3,850,2550
25/08/2023 00:00:00,301508,10071,332,2,6,12
25/08/2023 00:00:00,301509,10014,666,2,1199,2398
25/08/2023 00:00:00,301510,10055,608,3,95,285
25/08/2023 00:00:00,301510,10009,533,3,80,240
26/08/2023 00:00:00,301511,10009,636,3,80,240
26/08/2023 00:00:00,301511,10044,459,2,750,1500
26/08/2023 00:00:00,301511,10034,344,1,90,90
26/08/2023 00:00:00,301512,10068,439,1,279,279
26/08/2023 00:00:00,301512,10029,680,1,44,44
26/08/2023 00:00:00,301512,10040,183,1,949,949
26/08/2023 00:00:00,301512,10052,601,1,300,300
26/08/2023 00:00:00,301513,10045,560,2,499,998
26/08/2023 00:00:00,301514,10044,993,2,750,1500
26/08/2023 00:00:00,301515,10070,932,1,7,7
26/08/2023 00:00:00,301515,10064,66,3,1249,3747
26/08/2023 00:00:00,301516,10054,847,3,250,750
26/08/2023 00:00:00,301516,10055,539,2,95,190
26/08/2023 00:00:00,301516,10036,498,2,111,222
26/08/2023 00:00:00,301517,10077,346,3,6,18
26/08/2023 00:00:00,301517,10046,220,1,200,200
26/08/2023 00:00:00,301518,10037,808,1,500,500
26/08/2023 00:00:00,301518,10050,3,1,700,700
26/08/2023 00:00:00,301519,10016,641,2,1599,3198
27/08/2023 00:00:00,301520,10047,952,3,300,900
27/08/2023 00:00:00,301521,10053,587,3,90,270
27/08/2023 00:00:00,301521,10052,457,1,300,300
27/08/2023 00:00:00,301521,10008,911,1,50,50
27/08/2023 00:00:00,301521,10027,955,1,109,109
27/08/2023 00:00:00,301521,10044,352,1,750,750
27/08/2023 00:00:00,301521,10078,844,1,5,5
27/08/2023 00:00:00,301521,10037,339,3,500,1500
27/08/2023 00:00:00,301522,10056,381,3,999,2997
27/08/2023 00:00:00,301522,10047,912,1,300,300
27/08/2023 00:00:00,301522,10034,103,3,90,270
27/08/2023 00:00:00,301523,10069,915,1,5,5
27/08/2023 00:00:00,301523,10055,47,2,95,190
27/08/2023 00:00:00,301523,10018,613,1,1099,1099
27/08/2023 00:00:00,301523,10071,279,3,6,18
27/08/2023 00:00:00,301524,10071,625,3,6,18
27/08/2023 00:00:00,301524,10002,801,1,81,81
27/08/2023 00:00:00,301525,10019,491,2,1299,2598
28/08/2023 00:00:00,301526,10003,885,3,149,447
28/08/2023 00:00:00,301526,10079,964,2,7,14
28/08/2023 00:00:00,301526,10061,50,2,1199,2398
28/08/2023 00:00:00,301526,10072,236,2,5,10
28/08/2023 00:00:00,301526,10027,527,2,109,218
28/08/2023 00:00:00,301526,10013,879,1,157,157
28/08/2023 00:00:00,301526,10013,18,2,157,314
28/08/2023 00:00:00,301526,10024,875,1,199,199
28/08/2023 00:00:00,301526,10020,589,2,1499,2998
28/08/2023 00:00:00,301527,10078,917,3,5,15
28/08/2023 00:00:00,301527,10027,681,3,109,327
28/08/2023 00:00:00,301528,10018,514,3,1099,3297
28/08/2023 00:00:00,301528,10067,734,2,269,538
28/08/2023 00:00:00,301528,10012,429,3,70,210
28/08/2023 00:00:00,301529,10059,207,2,269,538
28/08/2023 00:00:00,301530,10069,439,3,5,15
28/08/2023 00:00:00,301530,10042,454,3,1849,5547
28/08/2023 00:00:00,301531,10044,8,2,750,1500
28/08/2023 00:00:00,301531,10058,81,2,799,1598
28/08/2023 00:00:00,301532,10023,13,2,1099,2198
28/08/2023 00:00:00,301532,10047,393,2,300,600
28/08/2023 00:00:00,301533,10076,550,1,7,7
28/08/2023 00:00:00,301533,10056,226,3,999,2997
28/08/2023 00:00:00,301533,10054,753,3,250,750
28/08/2023 00:00:00,301534,10048,654,2,500,1000
29/08/2023 00:00:00,301535,10039,768,1,799,799
29/08/2023 00:00:00,301535,10044,900,1,750,750
29/08/2023 00:00:00,301535,10054,737,2,250,500
29/08/2023 00:00:00,301536,10062,126,3,1499,4497
29/08/2023 00:00:00,301536,10055,781,2,95,190
29/08/2023 00:00:00,301536,10042,106,1,1849,1849
29/08/2023 00:00:00,301536,10079,130,1,7,7
29/08/2023 00:00:00,301537,10041,884,2,749,1498
29/08/2023 00:00:00,301538,10074,987,3,6,18
29/08/2023 00:00:00,301539,10017,921,2,999,1998
29/08/2023 00:00:00,301540,10037,195,3,500,1500
29/08/2023 00:00:00,301540,10032,610,1,70,70
29/08/2023 00:00:00,301540,10003,892,1,149,149
29/08/2023 00:00:00,301540,10047,12,2,300,600
29/08/2023 00:00:00,301541,10037,57,2,500,1000
29/08/2023 00:00:00,301541,10079,181,1,7,7
29/08/2023 00:00:00,301542,10031,714,3,25,75
29/08/2023 00:00:00,301542,10071,359,2,6,12
29/08/2023 00:00:00,301542,10075,873,2,5,10
29/08/2023 00:00:00,301542,10028,100,1,1500,1500
29/08/2023 00:00:00,301543,10067,334,3,269,807
29/08/2023 00:00:00,301544,10080,604,3,6,18
29/08/2023 00:00:00,301544,10072,667,3,5,15
29/08/2023 00:00:00,301544,10004,857,3,35,105
30/08/2023 00:00:00,301545,10067,977,2,269,538
30/08/2023 00:00:00,301545,10005,38,2,36,72
30/08/2023 00:00:00,301546,10072,308,1,5,5
30/08/2023 00:00:00,301546,10040,9,1,949,949
30/08/2023 00:00:00,301546,10079,837,3,7,21
30/08/2023 00:00:00,301546,10002,375,3,81,243
30/08/2023 00:00:00,301547,10072,443,1,5,5
30/08/2023 00:00:00,301548,10075,927,3,5,15
30/08/2023 00:00:00,301549,10061,369,2,1199,2398
30/08/2023 00:00:00,301549,10035,141,2,52,104
30/08/2023 00:00:00,301549,10035,832,2,52,104
30/08/2023 00:00:00,301549,10028,607,2,1500,3000
31/08/2023 00:00:00,301550,10034,168,3,90,270
31/08/2023 00:00:00,301550,10042,360,1,1849,1849
31/08/2023 00:00:00,301551,10020,269,2,1499,2998
31/08/2023 00:00:00,301552,10017,496,3,999,2997
31/08/2023 00:00:00,301553,10012,101,1,70,70
31/08/2023 00:00:00,301553,10081,297,2,5,10
31/08/2023 00:00:00,301553,10072,257,1,5,5
31/08/2023 00:00:00,301554,10084,611,3,7,21
31/08/2023 00:00:00,301555,10057,131,1,1099,1099
01/09/2023 00:00:00,301556,10005,81,3,36,108
01/09/2023 00:00:00,301557,10084,519,1,7,7
01/09/2023 00:00:00,301557,10082,956,2,20,40
01/09/2023 00:00:00,301557,10071,23,1,6,6
01/09/2023 00:00:00,301558,10083,941,3,50,150
01/09/2023 00:00:00,301559,10067,650,3,269,807
01/09/2023 00:00:00,301560,10035,457,2,52,104
01/09/2023 00:00:00,301561,10038,90,1,379,379
01/09/2023 00:00:00,301561,10012,448,2,70,140
01/09/2023 00:00:00,301561,10027,55,2,109,218
01/09/2023 00:00:00,301562,10011,551,2,106,212
01/09/2023 00:00:00,301563,10033,695,3,295,885
01/09/2023 00:00:00,301564,10080,617,3,6,18
02/09/2023 00:00:00,301565,10011,912,3,106,318
02/09/2023 00:00:00,301565,10010,102,1,29,29
02/09/2023 00:00:00,301566,10080,892,2,6,12
02/09/2023 00:00:00,301567,10076,97,1,7,7
02/09/2023 00:00:00,301568,10061,76,1,1199,1199
02/09/2023 00:00:00,301568,10062,731,3,1499,4497
02/09/2023 00:00:00,301569,10022,223,2,899,1798
02/09/2023 00:00:00,301569,10006,530,3,24,72
02/09/2023 00:00:00,301569,10072,758,3,5,15
02/09/2023 00:00:00,301570,10078,950,2,5,10
02/09/2023 00:00:00,301570,10077,304,3,6,18
02/09/2023 00:00:00,301570,10067,193,1,269,269
02/09/2023 00:00:00,301571,10015,814,1,1399,1399
02/09/2023 00:00:00,301571,10006,944,3,24,72
03/09/2023 00:00:00,301572,10083,978,1,50,50
03/09/2023 00:00:00,301573,10063,835,2,1799,3598
03/09/2023 00:00:00,301574,10071,398,2,6,12
03/09/2023 00:00:00,301574,10039,707,2,799,1598
03/09/2023 00:00:00,301575,10025,326,2,399,798
03/09/2023 00:00:00,301576,10025,957,2,399,798
03/09/2023 00:00:00,301577,10026,17,2,850,1700
03/09/2023 00:00:00,301577,10025,448,3,399,1197
03/09/2023 00:00:00,301577,10029,420,1,44,44
03/09/2023 00:00:00,301578,10052,267,3,300,900
03/09/2023 00:00:00,301578,10025,685,1,399,399
03/09/2023 00:00:00,301578,10033,164,3,295,885
03/09/2023 00:00:00,301579,10042,559,2,1849,3698
03/09/2023 00:00:00,301579,10024,59,3,199,597
03/09/2023 00:00:00,301580,10037,163,2,500,1000
04/09/2023 00:00:00,301581,10011,972,2,106,212
04/09/2023 00:00:00,301582,10068,544,1,279,279
04/09/2023 00:00:00,301582,10063,30,2,1799,3598
04/09/2023 00:00:00,301582,10047,470,2,300,600
04/09/2023 00:00:00,301583,10017,304,3,999,2997
04/09/2023 00:00:00,301584,10033,410,2,295,590
04/09/2023 00:00:00,301584,10070,328,1,7,7
04/09/2023 00:00:00,301584,10046,415,3,200,600
04/09/2023 00:00:00,301585,10049,700,1,450,450
04/09/2023 00:00:00,301585,10016,127,1,1599,1599
04/09/2023 00:00:00,301586,10056,765,1,999,999
04/09/2023 00:00:00,301586,10047,55,3,300,900
04/09/2023 00:00:00,301587,10059,276,1,269,269
04/09/2023 00:00:00,301587,10064,115,2,1249,2498
04/09/2023 00:00:00,301588,10079,12,2,7,14
04/09/2023 00:00:00,301589,10001,36,3,27,81
04/09/2023 00:00:00,301589,10014,470,1,1199,1199
04/09/2023 00:00:00,301590,10080,899,2,6,12
04/09/2023 00:00:00,301590,10069,535,3,5,15
04/09/2023 00:00:00,301590,10055,315,3,95,285
04/09/2023 00:00:00,301590,10057,347,1,1099,1099
04/09/2023 00:00:00,301591,10063,799,3,1799,5397
04/09/2023 00:00:00,301591,10002,732,1,81,81
04/09/2023 00:00:00,301591,10060,273,3,579,1737
05/09/2023 00:00:00,301592,10054,100,3,250,750
05/09/2023 00:00:00,301592,10064,201,2,1249,2498
05/09/2023 00:00:00,301592,10011,573,3,106,318
05/09/2023 00:00:00,301593,10023,855,2,1099,2198
05/09/2023 00:00:00,301593,10035,717,3,52,156
05/09/2023 00:00:00,301593,10081,779,1,5,5
05/09/2023 00:00:00,301594,10023,444,1,1099,1099
05/09/2023 00:00:00,301594,10048,817,1,500,500
05/09/2023 00:00:00,301595,10066,593,1,149,149
05/09/2023 00:00:00,301595,10010,372,2,29,58
05/09/2023 00:00:00,301596,10016,272,2,1599,3198
05/09/2023 00:00:00,301596,10066,114,1,149,149
05/09/2023 00:00:00,301596,10047,43,2,300,600
05/09/2023 00:00:00,301597,10084,470,2,7,14
06/09/2023 00:00:00,301598,10074,290,1,6,6
06/09/2023 00:00:00,301599,10041,508,1,749,749
06/09/2023 00:00:00,301599,10031,152,1,25,25
06/09/2023 00:00:00,301600,10026,57,1,850,850
06/09/2023 00:00:00,301601,10075,642,2,5,10
06/09/2023 00:00:00,301602,10053,124,2,90,180
06/09/2023 00:00:00,301603,10072,702,2,5,10
06/09/2023 00:00:00,301604,10053,414,3,90,270
06/09/2023 00:00:00,301605,10064,269,2,1249,2498
06/09/2023 00:00:00,301606,10020,434,1,1499,1499
06/09/2023 00:00:00,301606,10038,674,3,379,1137
06/09/2023 00:00:00,301606,10007,337,2,230,460
06/09/2023 00:00:00,301607,10014,725,3,1199,3597
06/09/2023 00:00:00,301607,10034,249,2,90,180
06/09/2023 00:00:00,301607,10015,821,3,1399,4197
06/09/2023 00:00:00,301607,10068,909,1,279,279
06/09/2023 00:00:00,301607,10073,418,3,7,21
06/09/2023 00:00:00,301607,10037,552,1,500,500
06/09/2023 00:00:00,301607,10052,457,1,300,300
06/09/2023 00:00:00,301608,10042,704,1,1849,1849
06/09/2023 00:00:00,301609,10055,137,1,95,95
07/09/2023 00:00:00,301610,10002,982,2,81,162
07/09/2023 00:00:00,301611,10018,821,3,1099,3297
07/09/2023 00:00:00,301612,10011,557,3,106,318
07/09/2023 00:00:00,301613,10068,882,2,279,558
07/09/2023 00:00:00,301614,10052,104,3,300,900
08/09/2023 00:00:00,301615,10033,363,1,295,295
08/09/2023 00:00:00,301615,10037,363,2,500,1000
08/09/2023 00:00:00,301615,10012,361,2,70,140
08/09/2023 00:00:00,301615,10040,244,3,949,2847
08/09/2023 00:00:00,301616,10081,88,3,5,15
08/09/2023 00:00:00,301616,10019,292,2,1299,2598
08/09/2023 00:00:00,301617,10061,18,2,1199,2398
08/09/2023 00:00:00,301617,10024,989,3,199,597
08/09/2023 00:00:00,301618,10016,477,3,1599,4797
08/09/2023 00:00:00,301619,10007,844,1,230,230
08/09/2023 00:00:00,301620,10018,752,1,1099,1099
08/09/2023 00:00:00,301621,10074,254,3,6,18
08/09/2023 00:00:00,301622,10023,675,2,1099,2198
08/09/2023 00:00:00,301622,10002,840,1,81,81
08/09/2023 00:00:00,301623,10086,729,3,13,39
08/09/2023 00:00:00,301623,10039,841,1,799,799
08/09/2023 00:00:00,301624,10043,189,3,450,1350
08/09/2023 00:00:00,301624,10059,347,2,269,538
09/09/2023 00:00:00,301625,10041,252,3,749,2247
09/09/2023 00:00:00,301625,10077,122,1,6,6
09/09/2023 00:00:00,301626,10018,981,3,1099,3297
09/09/2023 00:00:00,301626,10077,224,1,6,6
09/09/2023 00:00:00,301626,10084,537,2,7,14
09/09/2023 00:00:00,301627,10055,697,1,95,95
09/09/2023 00:00:00,301628,10047,391,3,300,900
09/09/2023 00:00:00,301629,10083,308,1,50,50
09/09/2023 00:00:00,301630,10017,628,1,999,999
10/09/2023 00:00:00,301631,10011,605,1,106,106
10/09/2023 00:00:00,301631,10059,161,3,269,807
10/09/2023 00:00:00,301632,10032,869,2,70,140
10/09/2023 00:00:00,301633,10051,805,3,900,2700
10/09/2023 00:00:00,301634,10029,26,3,44,132
10/09/2023 00:00:00,301635,10015,194,3,1399,4197
10/09/2023 00:00:00,301635,10040,269,3,949,2847
10/09/2023 00:00:00,301635,10056,388,1,999,999
10/09/2023 00:00:00,301636,10057,824,3,1099,3297
10/09/2023 00:00:00,301636,10014,20,2,1199,2398
10/09/2023 00:00:00,301636,10002,725,1,81,81
10/09/2023 00:00:00,301636,10045,590,2,499,998
10/09/2023 00:00:00,301636,10082,951,2,20,40
10/09/2023 00:00:00,301636,10021,837,1,799,799
10/09/2023 00:00:00,301636,10068,227,2,279,558
10/09/2023 00:00:00,301637,10034,836,2,90,180
10/09/2023 00:00:00,301637,10072,519,3,5,15
10/09/2023 00:00:00,301638,10077,344,1,6,6
10/09/2023 00:00:00,301638,10020,457,3,1499,4497
10/09/2023 00:00:00,301639,10010,362,3,29,87
10/09/2023 00:00:00,301639,10034,612,1,90,90
11/09/2023 00:00:00,301640,10021,478,2,799,1598
11/09/2023 00:00:00,301641,10035,42,1,52,52
11/09/2023 00:00:00,301641,10014,121,3,1199,3597
11/09/2023 00:00:00,301641,10043,615,1,450,450
11/09/2023 00:00:00,301641,10048,872,3,500,1500
11/09/2023 00:00:00,301642,10040,962,1,949,949
11/09/2023 00:00:00,301642,10017,789,2,999,1998
11/09/2023 00:00:00,301643,10056,745,3,999,2997
11/09/2023 00:00:00,301643,10002,504,2,81,162
11/09/2023 00:00:00,301643,10010,913,3,29,87
11/09/2023 00:00:00,301644,10061,140,1,1199,1199
11/09/2023 00:00:00,301644,10048,345,1,500,500
11/09/2023 00:00:00,301645,10082,610,1,20,20
12/09/2023 00:00:00,301646,10023,523,1,1099,1099
12/09/2023 00:00:00,301647,10062,360,1,1499,1499
12/09/2023 00:00:00,301648,10040,568,2,949,1898
12/09/2023 00:00:00,301648,10042,326,1,1849,1849
12/09/2023 00:00:00,301649,10059,615,2,269,538
12/09/2023 00:00:00,301649,10052,151,2,300,600
12/09/2023 00:00:00,301650,10074,148,3,6,18
12/09/2023 00:00:00,301650,10030,340,2,234,468
12/09/2023 00:00:00,301651,10081,873,3,5,15
12/09/2023 00:00:00,301652,10024,251,3,199,597
13/09/2023 00:00:00,301653,10057,871,2,1099,2198
13/09/2023 00:00:00,301653,10067,684,3,269,807
13/09/2023 00:00:00,301654,10019,144,2,1299,2598
13/09/2023 00:00:00,301655,10058,703,2,799,1598
13/09/2023 00:00:00,301655,10066,474,1,149,149
13/09/2023 00:00:00,301655,10031,860,2,25,50
13/09/2023 00:00:00,301655,10059,700,3,269,807
13/09/2023 00:00:00,301656,10014,82,1,1199,1199
13/09/2023 00:00:00,301656,10063,915,1,1799,1799
13/09/2023 00:00:00,301657,10078,635,3,5,15
13/09/2023 00:00:00,301657,10021,738,1,799,799
13/09/2023 00:00:00,301657,10062,454,2,1499,2998
13/09/2023 00:00:00,301657,10033,394,3,295,885
13/09/2023 00:00:00,301657,10001,554,2,27,54
13/09/2023 00:00:00,301658,10046,624,2,200,400
13/09/2023 00:00:00,301659,10060,580,3,579,1737
13/09/2023 00:00:00,301660,10039,284,1,799,799
13/09/2023 00:00:00,301660,10061,747,3,1199,3597
13/09/2023 00:00:00,301660,10003,424,3,149,447
13/09/2023 00:00:00,301660,10067,129,2,269,538
13/09/2023 00:00:00,301660,10079,46,2,7,14
13/09/2023 00:00:00,301661,10031,71,3,25,75
13/09/2023 00:00:00,301661,10068,981,1,279,279
13/09/2023 00:00:00,301661,10060,145,1,579,579
13/09/2023 00:00:00,301661,10072,639,1,5,5
13/09/2023 00:00:00,301662,10075,928,2,5,10
13/09/2023 00:00:00,301662,10031,710,3,25,75
13/09/2023 00:00:00,301663,10014,54,2,1199,2398
13/09/2023 00:00:00,301664,10071,862,2,6,12
13/09/2023 00:00:00,301664,10028,532,1,1500,1500
14/09/2023 00:00:00,301665,10046,61,3,200,600
14/09/2023 00:00:00,301666,10038,531,2,379,758
14/09/2023 00:00:00,301667,10016,236,3,1599,4797
14/09/2023 00:00:00,301667,10008,222,3,50,150
14/09/2023 00:00:00,301667,10022,703,2,899,1798
14/09/2023 00:00:00,301667,10060,332,1,579,579
14/09/2023 00:00:00,301668,10032,478,3,70,210
14/09/2023 00:00:00,301668,10062,80,2,1499,2998
14/09/2023 00:00:00,301669,10067,590,1,269,269
14/09/2023 00:00:00,301670,10064,126,2,1249,2498
14/09/2023 00:00:00,301671,10084,257,1,7,7
14/09/2023 00:00:00,301672,10030,111,3,234,702
14/09/2023 00:00:00,301673,10054,992,2,250,500
14/09/2023 00:00:00,301673,10015,180,1,1399,1399
14/09/2023 00:00:00,301674,10038,260,3,379,1137
15/09/2023 00:00:00,301675,10056,313,2,999,1998
15/09/2023 00:00:00,301675,10003,543,1,149,149
15/09/2023 00:00:00,301675,10070,632,3,7,21
15/09/2023 00:00:00,301676,10081,490,1,5,5
15/09/2023 00:00:00,301676,10005,255,2,36,72
15/09/2023 00:00:00,301677,10053,652,1,90,90
15/09/2023 00:00:00,301677,10014,914,1,1199,1199
15/09/2023 00:00:00,301677,10083,121,1,50,50
15/09/2023 00:00:00,301678,10007,797,1,230,230
15/09/2023 00:00:00,301679,10036,937,1,111,111
15/09/2023 00:00:00,301679,10020,432,2,1499,2998
15/09/2023 00:00:00,301680,10009,345,1,80,80
15/09/2023 00:00:00,301680,10036,568,2,111,222
15/09/2023 00:00:00,301681,10025,986,1,399,399
15/09/2023 00:00:00,301681,10044,973,2,750,1500
15/09/2023 00:00:00,301681,10052,369,3,300,900
15/09/2023 00:00:00,301681,10042,762,3,1849,5547
15/09/2023 00:00:00,301681,10017,211,1,999,999
15/09/2023 00:00:00,301682,10068,642,3,279,837
16/09/2023 00:00:00,301683,10029,898,2,44,88
16/09/2023 00:00:00,301684,10050,466,3,700,2100
16/09/2023 00:00:00,301685,10084,348,1,7,7
16/09/2023 00:00:00,301685,10019,758,2,1299,2598
16/09/2023 00:00:00,301685,10018,591,3,1099,3297
17/09/2023 00:00:00,301686,10047,649,2,300,600
17/09/2023 00:00:00,301686,10005,84,1,36,36
17/09/2023 00:00:00,301686,10023,666,2,1099,2198
17/09/2023 00:00:00,301687,10009,688,1,80,80
17/09/2023 00:00:00,301687,10026,897,3,850,2550
17/09/2023 00:00:00,301688,10020,845,1,1499,1499
17/09/2023 00:00:00,301689,10083,302,3,50,150
17/09/2023 00:00:00,301689,10028,191,1,1500,1500
17/09/2023 00:00:00,301690,10029,248,2,44,88
17/09/2023 00:00:00,301691,10006,246,1,24,24
17/09/2023 00:00:00,301691,10019,774,2,1299,2598
17/09/2023 00:00:00,301691,10017,728,3,999,2997
17/09/2023 00:00:00,301691,10032,271,3,70,210
17/09/2023 00:00:00,301692,10040,297,2,949,1898
17/09/2023 00:00:00,301692,10030,962,1,234,234
17/09/2023 00:00:00,301692,10084,903,2,7,14
17/09/2023 00:00:00,301692,10011,463,2,106,212
17/09/2023 00:00:00,301693,10004,356,1,35,35
17/09/2023 00:00:00,301693,10044,19,1,750,750
18/09/2023 00:00:00,301694,10081,29,2,5,10
18/09/2023 00:00:00,301694,10046,777,2,200,400
18/09/2023 00:00:00,301695,10023,592,2,1099,2198
18/09/2023 00:00:00,301696,10048,931,3,500,1500
18/09/2023 00:00:00,301697,10010,38,2,29,58
18/09/2023 00:00:00,301698,10050,225,2,700,1400
18/09/2023 00:00:00,301698,10010,888,2,29,58
18/09/2023 00:00:00,301698,10020,847,1,1499,1499
18/09/2023 00:00:00,301698,10063,597,2,1799,3598
18/09/2023 00:00:00,301698,10003,587,1,149,149
18/09/2023 00:00:00,301699,10065,274,3,399,1197
18/09/2023 00:00:00,301700,10017,492,3,999,2997
18/09/2023 00:00:00,301701,10085,902,3,6,18
19/09/2023 00:00:00,301702,10016,319,2,1599,3198
19/09/2023 00:00:00,301703,10038,579,1,379,379
19/09/2023 00:00:00,301704,10019,526,2,1299,2598
19/09/2023 00:00:00,301705,10004,172,3,35,105
19/09/2023 00:00:00,301706,10056,251,1,999,999
19/09/2023 00:00:00,301707,10061,880,3,1199,3597
19/09/2023 00:00:00,301708,10081,263,1,5,5
19/09/2023 00:00:00,301709,10061,888,1,1199,1199
19/09/2023 00:00:00,301709,10056,830,1,999,999
19/09/2023 00:00:00,301709,10020,837,1,1499,1499
19/09/2023 00:00:00,301709,10059,744,2,269,538
19/09/2023 00:00:00,301709,10002,574,1,81,81
19/09/2023 00:00:00,301709,10069,882,1,5,5
20/09/2023 00:00:00,301710,10018,119,3,1099,3297
20/09/2023 00:00:00,301710,10035,709,3,52,156
20/09/2023 00:00:00,301711,10049,773,2,450,900
20/09/2023 00:00:00,301711,10084,37,2,7,14
20/09/2023 00:00:00,301712,10015,516,3,1399,4197
20/09/2023 00:00:00,301713,10070,775,2,7,14
20/09/2023 00:00:00,301714,10057,367,2,1099,2198
20/09/2023 00:00:00,301714,10080,756,1,6,6
20/09/2023 00:00:00,301714,10037,350,2,500,1000
20/09/2023 00:00:00,301715,10074,870,1,6,6
20/09/2023 00:00:00,301716,10063,222,2,1799,3598
20/09/2023 00:00:00,301716,10051,625,3,900,2700
20/09/2023 00:00:00,301717,10007,37,1,230,230
20/09/2023 00:00:00,301718,10063,212,1,1799,1799
21/09/2023 00:00:00,301719,10039,763,3,799,2397
21/09/2023 00:00:00,301719,10003,493,3,149,447
21/09/2023 00:00:00,301720,10072,608,2,5,10
21/09/2023 00:00:00,301720,10024,187,2,199,398
21/09/2023 00:00:00,301720,10007,962,2,230,460
21/09/2023 00:00:00,301721,10069,985,3,5,15
21/09/2023 00:00:00,301722,10078,264,3,5,15
21/09/2023 00:00:00,301722,10033,879,2,295,590
21/09/2023 00:00:00,301722,10049,687,3,450,1350
21/09/2023 00:00:00,301722,10071,647,3,6,18
21/09/2023 00:00:00,301723,10060,31,2,579,1158
22/09/2023 00:00:00,301724,10020,339,2,1499,2998
22/09/2023 00:00:00,301725,10074,924,3,6,18
22/09/2023 00:00:00,301725,10002,669,2,81,162
22/09/2023 00:00:00,301725,10032,124,1,70,70
22/09/2023 00:00:00,301726,10060,100,1,579,579
22/09/2023 00:00:00,301726,10079,169,3,7,21
22/09/2023 00:00:00,301726,10018,856,1,1099,1099
22/09/2023 00:00:00,301727,10010,733,3,29,87
22/09/2023 00:00:00,301727,10044,356,1,750,750
22/09/2023 00:00:00,301728,10048,217,1,500,500
22/09/2023 00:00:00,301728,10051,571,1,900,900
22/09/2023 00:00:00,301729,10014,735,2,1199,2398
23/09/2023 00:00:00,301730,10054,206,3,250,750
23/09/2023 00:00:00,301730,10048,122,3,500,1500
23/09/2023 00:00:00,301731,10026,185,2,850,1700
23/09/2023 00:00:00,301732,10038,185,3,379,1137
23/09/2023 00:00:00,301733,10018,602,1,1099,1099
23/09/2023 00:00:00,301734,10080,64,3,6,18
23/09/2023 00:00:00,301734,10032,271,1,70,70
23/09/2023 00:00:00,301735,10081,230,3,5,15
23/09/2023 00:00:00,301735,10008,905,2,50,100
23/09/2023 00:00:00,301736,10075,164,2,5,10
23/09/2023 00:00:00,301736,10007,353,3,230,690
24/09/2023 00:00:00,301737,10017,909,1,999,999
24/09/2023 00:00:00,301738,10026,394,2,850,1700
24/09/2023 00:00:00,301739,10063,69,2,1799,3598
24/09/2023 00:00:00,301740,10059,909,1,269,269
24/09/2023 00:00:00,301741,10078,274,1,5,5
24/09/2023 00:00:00,301741,10058,575,1,799,799
24/09/2023 00:00:00,301741,10066,173,1,149,149
24/09/2023 00:00:00,301742,10072,927,1,5,5
24/09/2023 00:00:00,301742,10043,213,1,450,450
24/09/2023 00:00:00,301742,10022,419,2,899,1798
24/09/2023 00:00:00,301742,10036,601,3,111,333
24/09/2023 00:00:00,301742,10044,349,1,750,750
24/09/2023 00:00:00,301742,10073,704,1,7,7
24/09/2023 00:00:00,301742,10043,714,2,450,900
24/09/2023 00:00:00,301743,10060,890,3,579,1737
24/09/2023 00:00:00,301744,10058,414,3,799,2397
24/09/2023 00:00:00,301744,10086,235,3,13,39
24/09/2023 00:00:00,301744,10079,632,3,7,21
24/09/2023 00:00:00,301745,10085,100,2,6,12
24/09/2023 00:00:00,301745,10072,100,3,5,15
24/09/2023 00:00:00,301745,10054,341,3,250,750
25/09/2023 00:00:00,301746,10047,171,1,300,300
25/09/2023 00:00:00,301746,10073,720,2,7,14
25/09/2023 00:00:00,301747,10015,7,1,1399,1399
25/09/2023 00:00:00,301748,10002,885,2,81,162
25/09/2023 00:00:00,301748,10011,726,2,106,212
25/09/2023 00:00:00,301749,10025,335,2,399,798
25/09/2023 00:00:00,301749,10085,985,3,6,18
25/09/2023 00:00:00,301750,10024,880,3,199,597
25/09/2023 00:00:00,301750,10024,496,1,199,199
25/09/2023 00:00:00,301750,10017,333,2,999,1998
26/09/2023 00:00:00,301751,10031,582,2,25,50
26/09/2023 00:00:00,301751,10039,876,3,799,2397
26/09/2023 00:00:00,301752,10036,900,2,111,222
26/09/2023 00:00:00,301752,10086,925,3,13,39
26/09/2023 00:00:00,301753,10011,125,2,106,212
26/09/2023 00:00:00,301753,10018,517,2,1099,2198
26/09/2023 00:00:00,301754,10042,100,1,1849,1849
26/09/2023 00:00:00,301754,10066,122,2,149,298
26/09/2023 00:00:00,301755,10061,749,3,1199,3597
26/09/2023 00:00:00,301755,10028,458,3,1500,4500
26/09/2023 00:00:00,301755,10007,958,3,230,690
26/09/2023 00:00:00,301755,10058,214,3,799,2397
26/09/2023 00:00:00,301755,10016,102,1,1599,1599
26/09/2023 00:00:00,301755,10065,582,3,399,1197
26/09/2023 00:00:00,301755,10027,192,1,109,109
26/09/2023 00:00:00,301755,10067,46,1,269,269
26/09/2023 00:00:00,301755,10075,530,3,5,15
26/09/2023 00:00:00,301755,10017,516,3,999,2997
26/09/2023 00:00:00,301755,10001,604,1,27,27
26/09/2023 00:00:00,301756,10073,178,2,7,14
26/09/2023 00:00:00,301756,10051,85,3,900,2700
26/09/2023 00:00:00,301756,10084,87,1,7,7
26/09/2023 00:00:00,301757,10007,381,3,230,690
26/09/2023 00:00:00,301758,10053,690,1,90,90
26/09/2023 00:00:00,301758,10083,144,1,50,50
26/09/2023 00:00:00,301759,10059,496,2,269,538
26/09/2023 00:00:00,301760,10036,177,1,111,111
26/09/2023 00:00:00,301760,10083,722,1,50,50
26/09/2023 00:00:00,301760,10055,184,1,95,95
26/09/2023 00:00:00,301760,10074,897,3,6,18
26/09/2023 00:00:00,301761,10079,956,1,7,7
26/09/2023 00:00:00,301762,10039,798,1,799,799
26/09/2023 00:00:00,301763,10053,738,1,90,90
26/09/2023 00:00:00,301763,10083,460,1,50,50
27/09/2023 00:00:00,301764,10026,204,2,850,1700
27/09/2023 00:00:00,301764,10023,789,1,1099,1099
27/09/2023 00:00:00,301764,10021,65,1,799,799
27/09/2023 00:00:00,301764,10034,605,2,90,180
27/09/2023 00:00:00,301764,10053,666,2,90,180
27/09/2023 00:00:00,301765,10055,722,1,95,95
27/09/2023 00:00:00,301765,10010,209,1,29,29
27/09/2023 00:00:00,301766,10050,55,1,700,700
27/09/2023 00:00:00,301767,10048,991,2,500,1000
27/09/2023 00:00:00,301767,10062,445,3,1499,4497
27/09/2023 00:00:00,301767,10025,869,3,399,1197
27/09/2023 00:00:00,301767,10001,611,3,27,81
27/09/2023 00:00:00,301767,10009,912,3,80,240
27/09/2023 00:00:00,301767,10083,498,2,50,100
27/09/2023 00:00:00,301768,10056,868,2,999,1998
27/09/2023 00:00:00,301769,10075,454,1,5,5
27/09/2023 00:00:00,301770,10023,400,2,1099,2198
27/09/2023 00:00:00,301770,10073,470,2,7,14
27/09/2023 00:00:00,301770,10038,367,3,379,1137
28/09/2023 00:00:00,301771,10046,736,3,200,600
28/09/2023 00:00:00,301772,10060,361,1,579,579
28/09/2023 00:00:00,301772,10034,780,2,90,180
28/09/2023 00:00:00,301773,10084,798,1,7,7
28/09/2023 00:00:00,301774,10014,631,1,1199,1199
28/09/2023 00:00:00,301774,10037,53,1,500,500
28/09/2023 00:00:00,301774,10026,362,2,850,1700
28/09/2023 00:00:00,301774,10066,321,2,149,298
28/09/2023 00:00:00,301775,10015,325,1,1399,1399
28/09/2023 00:00:00,301775,10030,24,2,234,468
29/09/2023 00:00:00,301776,10019,833,2,1299,2598
29/09/2023 00:00:00,301777,10033,773,2,295,590
29/09/2023 00:00:00,301777,10081,344,3,5,15
29/09/2023 00:00:00,301777,10045,492,1,499,499
29/09/2023 00:00:00,301778,10018,522,3,1099,3297
29/09/2023 00:00:00,301778,10069,168,1,5,5
29/09/2023 00:00:00,301778,10070,990,2,7,14
29/09/2023 00:00:00,301778,10043,380,3,450,1350
29/09/2023 00:00:00,301778,10008,303,2,50,100
29/09/2023 00:00:00,301778,10070,823,3,7,21
29/09/2023 00:00:00,301779,10001,356,3,27,81
29/09/2023 00:00:00,301779,10006,972,1,24,24
29/09/2023 00:00:00,301780,10061,107,2,1199,2398
29/09/2023 00:00:00,301781,10035,752,1,52,52
29/09/2023 00:00:00,301782,10057,217,1,1099,1099
29/09/2023 00:00:00,301782,10023,800,1,1099,1099
29/09/2023 00:00:00,301782,10077,156,3,6,18
29/09/2023 00:00:00,301782,10083,468,3,50,150
29/09/2023 00:00:00,301783,10042,4,3,1849,5547
29/09/2023 00:00:00,301783,10007,694,3,230,690
29/09/2023 00:00:00,301784,10042,855,2,1849,3698
29/09/2023 00:00:00,301784,10041,858,3,749,2247
29/09/2023 00:00:00,301784,10002,649,3,81,243
30/09/2023 00:00:00,301785,10053,455,1,90,90
30/09/2023 00:00:00,301785,10034,139,2,90,180
30/09/2023 00:00:00,301785,10073,569,1,7,7
30/09/2023 00:00:00,301785,10006,272,3,24,72
30/09/2023 00:00:00,301785,10020,606,2,1499,2998
30/09/2023 00:00:00,301785,10041,600,1,749,749
30/09/2023 00:00:00,301785,10070,112,1,7,7
30/09/2023 00:00:00,301786,10070,408,1,7,7
30/09/2023 00:00:00,301786,10025,939,1,399,399
30/09/2023 00:00:00,301786,10009,914,1,80,80
30/09/2023 00:00:00,301787,10032,142,1,70,70
30/09/2023 00:00:00,301788,10039,412,3,799,2397
30/09/2023 00:00:00,301788,10063,187,1,1799,1799
30/09/2023 00:00:00,301789,10028,979,2,1500,3000
30/09/2023 00:00:00,301790,10020,62,1,1499,1499
30/09/2023 00:00:00,301790,10037,543,2,500,1000
30/09/2023 00:00:00,301791,10014,196,1,1199,1199
30/09/2023 00:00:00,301791,10049,316,1,450,450
30/09/2023 00:00:00,301791,10024,444,3,199,597
30/09/2023 00:00:00,301792,10047,92,1,300,300
30/09/2023 00:00:00,301792,10025,111,1,399,399
30/09/2023 00:00:00,301793,10041,398,1,749,749
30/09/2023 00:00:00,301794,10023,384,3,1099,3297
30/09/2023 00:00:00,301795,10062,531,3,1499,4497
30/09/2023 00:00:00,301796,10060,406,3,579,1737
30/09/2023 00:00:00,301796,10012,19,1,70,70
30/09/2023 00:00:00,301796,10051,644,1,900,900
01/10/2023 00:00:00,301797,10053,131,1,90,90
01/10/2023 00:00:00,301797,10065,528,3,399,1197
01/10/2023 00:00:00,301798,10005,561,2,36,72
01/10/2023 00:00:00,301799,10041,891,3,749,2247
01/10/2023 00:00:00,301800,10001,305,2,27,54
01/10/2023 00:00:00,301801,10079,46,2,7,14
01/10/2023 00:00:00,301801,10030,958,1,234,234
01/10/2023 00:00:00,301801,10049,698,1,450,450
01/10/2023 00:00:00,301801,10067,878,2,269,538
01/10/2023 00:00:00,301801,10069,961,3,5,15
01/10/2023 00:00:00,301802,10077,199,2,6,12
01/10/2023 00:00:00,301802,10057,818,2,1099,2198
01/10/2023 00:00:00,301802,10012,182,2,70,140
01/10/2023 00:00:00,301802,10035,136,2,52,104
01/10/2023 00:00:00,301802,10018,472,1,1099,1099
01/10/2023 00:00:00,301802,10046,53,3,200,600
01/10/2023 00:00:00,301802,10067,391,2,269,538
01/10/2023 00:00:00,301803,10008,348,2,50,100
01/10/2023 00:00:00,301803,10023,937,3,1099,3297
01/10/2023 00:00:00,301804,10064,671,2,1249,2498
01/10/2023 00:00:00,301804,10068,377,1,279,279
01/10/2023 00:00:00,301804,10030,916,1,234,234
02/10/2023 00:00:00,301805,10039,184,3,799,2397
02/10/2023 00:00:00,301805,10009,376,2,80,160
02/10/2023 00:00:00,301806,10056,660,2,999,1998
02/10/2023 00:00:00,301807,10085,775,1,6,6
02/10/2023 00:00:00,301808,10048,716,1,500,500
02/10/2023 00:00:00,301809,10022,889,2,899,1798
02/10/2023 00:00:00,301809,10012,989,1,70,70
02/10/2023 00:00:00,301810,10033,594,3,295,885
02/10/2023 00:00:00,301810,10026,592,2,850,1700
02/10/2023 00:00:00,301810,10052,442,2,300,600
02/10/2023 00:00:00,301811,10068,783,1,279,279
02/10/2023 00:00:00,301811,10029,508,1,44,44
02/10/2023 00:00:00,301811,10061,186,3,1199,3597
02/10/2023 00:00:00,301811,10011,837,1,106,106
03/10/2023 00:00:00,301812,10022,337,1,899,899
03/10/2023 00:00:00,301812,10049,149,2,450,900
03/10/2023 00:00:00,301812,10057,798,1,1099,1099
03/10/2023 00:00:00,301813,10049,784,1,450,450
03/10/2023 00:00:00,301813,10041,564,3,749,2247
03/10/2023 00:00:00,301813,10011,258,3,106,318
03/10/2023 00:00:00,301814,10079,665,2,7,14
03/10/2023 00:00:00,301814,10010,365,3,29,87
03/10/2023 00:00:00,301814,10029,444,2,44,88
03/10/2023 00:00:00,301814,10020,607,3,1499,4497
03/10/2023 00:00:00,301815,10045,141,2,499,998
03/10/2023 00:00:00,301815,10076,32,1,7,7
03/10/2023 00:00:00,301815,10060,786,3,579,1737
03/10/2023 00:00:00,301815,10017,40,1,999,999
04/10/2023 00:00:00,301816,10066,999,3,149,447
04/10/2023 00:00:00,301817,10075,308,1,5,5
04/10/2023 00:00:00,301818,10029,770,3,44,132
04/10/2023 00:00:00,301819,10062,228,2,1499,2998
04/10/2023 00:00:00,301819,10042,384,3,1849,5547
04/10/2023 00:00:00,301820,10043,619,1,450,450
04/10/2023 00:00:00,301821,10046,146,2,200,400
04/10/2023 00:00:00,301821,10037,194,3,500,1500
04/10/2023 00:00:00,301821,10050,455,3,700,2100
05/10/2023 00:00:00,301822,10003,975,2,149,298
05/10/2023 00:00:00,301822,10076,46,3,7,21
05/10/2023 00:00:00,301823,10023,221,2,1099,2198
05/10/2023 00:00:00,301823,10059,310,3,269,807
05/10/2023 00:00:00,301824,10045,453,2,499,998
05/10/2023 00:00:00,301825,10008,487,1,50,50
05/10/2023 00:00:00,301825,10080,983,2,6,12
05/10/2023 00:00:00,301825,10014,182,3,1199,3597
05/10/2023 00:00:00,301825,10078,516,2,5,10
05/10/2023 00:00:00,301825,10033,527,1,295,295
05/10/2023 00:00:00,301825,10056,167,1,999,999
05/10/2023 00:00:00,301825,10061,10,2,1199,2398
05/10/2023 00:00:00,301826,10032,368,3,70,210
05/10/2023 00:00:00,301827,10026,553,1,850,850
05/10/2023 00:00:00,301828,10008,584,2,50,100
05/10/2023 00:00:00,301829,10069,982,3,5,15
06/10/2023 00:00:00,301830,10030,295,3,234,702
06/10/2023 00:00:00,301831,10016,444,3,1599,4797
06/10/2023 00:00:00,301831,10039,741,2,799,1598
06/10/2023 00:00:00,301831,10058,10,3,799,2397
06/10/2023 00:00:00,301831,10051,853,3,900,2700
06/10/2023 00:00:00,301831,10081,403,1,5,5
06/10/2023 00:00:00,301831,10075,403,1,5,5
06/10/2023 00:00:00,301831,10008,585,2,50,100
06/10/2023 00:00:00,301831,10001,986,3,27,81
06/10/2023 00:00:00,301831,10006,725,1,24,24
06/10/2023 00:00:00,301831,10017,729,1,999,999
06/10/2023 00:00:00,301831,10052,809,2,300,600
06/10/2023 00:00:00,301832,10070,388,2,7,14
06/10/2023 00:00:00,301833,10062,569,1,1499,1499
06/10/2023 00:00:00,301834,10007,721,1,230,230
06/10/2023 00:00:00,301834,10079,819,3,7,21
06/10/2023 00:00:00,301834,10025,280,2,399,798
06/10/2023 00:00:00,301834,10077,476,1,6,6
06/10/2023 00:00:00,301835,10022,874,3,899,2697
06/10/2023 00:00:00,301836,10001,990,2,27,54
06/10/2023 00:00:00,301837,10082,693,3,20,60
06/10/2023 00:00:00,301838,10046,700,3,200,600
06/10/2023 00:00:00,301838,10039,543,3,799,2397
06/10/2023 00:00:00,301838,10036,786,1,111,111
06/10/2023 00:00:00,301839,10067,339,3,269,807
06/10/2023 00:00:00,301840,10079,920,2,7,14
07/10/2023 00:00:00,301841,10023,833,2,1099,2198
07/10/2023 00:00:00,301842,10023,778,3,1099,3297
07/10/2023 00:00:00,301842,10014,466,2,1199,2398
07/10/2023 00:00:00,301843,10056,167,2,999,1998
07/10/2023 00:00:00,301843,10021,643,2,799,1598
07/10/2023 00:00:00,301843,10080,661,1,6,6
07/10/2023 00:00:00,301843,10018,308,3,1099,3297
07/10/2023 00:00:00,301844,10001,470,3,27,81
07/10/2023 00:00:00,301845,10059,291,1,269,269
07/10/2023 00:00:00,301846,10059,864,2,269,538
07/10/2023 00:00:00,301846,10043,910,3,450,1350
07/10/2023 00:00:00,301847,10071,985,3,6,18
07/10/2023 00:00:00,301847,10062,220,1,1499,1499
07/10/2023 00:00:00,301847,10067,383,3,269,807
07/10/2023 00:00:00,301847,10027,272,2,109,218
07/10/2023 00:00:00,301848,10064,430,2,1249,2498
07/10/2023 00:00:00,301849,10066,259,3,149,447
07/10/2023 00:00:00,301849,10082,367,2,20,40
07/10/2023 00:00:00,301849,10013,210,1,157,157
08/10/2023 00:00:00,301850,10048,309,3,500,1500
08/10/2023 00:00:00,301851,10043,80,2,450,900
08/10/2023 00:00:00,301852,10043,239,1,450,450
08/10/2023 00:00:00,301853,10076,1000,2,7,14
08/10/2023 00:00:00,301854,10076,189,2,7,14
08/10/2023 00:00:00,301854,10035,674,1,52,52
08/10/2023 00:00:00,301854,10033,621,1,295,295
08/10/2023 00:00:00,301855,10021,291,3,799,2397
08/10/2023 00:00:00,301856,10057,407,1,1099,1099
08/10/2023 00:00:00,301857,10014,599,2,1199,2398
08/10/2023 00:00:00,301857,10011,141,1,106,106
08/10/2023 00:00:00,301857,10034,300,2,90,180
08/10/2023 00:00:00,301857,10024,177,3,199,597
08/10/2023 00:00:00,301857,10038,485,2,379,758
08/10/2023 00:00:00,301858,10060,507,1,579,579
08/10/2023 00:00:00,301858,10043,457,2,450,900
08/10/2023 00:00:00,301859,10005,408,3,36,108
08/10/2023 00:00:00,301860,10005,420,1,36,36
08/10/2023 00:00:00,301861,10051,621,2,900,1800
09/10/2023 00:00:00,301862,10051,511,3,900,2700
09/10/2023 00:00:00,301862,10080,164,2,6,12
09/10/2023 00:00:00,301862,10048,627,3,500,1500
09/10/2023 00:00:00,301863,10025,851,1,399,399
09/10/2023 00:00:00,301863,10041,228,3,749,2247
09/10/2023 00:00:00,301864,10028,728,1,1500,1500
09/10/2023 00:00:00,301864,10069,250,3,5,15
09/10/2023 00:00:00,301864,10018,283,1,1099,1099
09/10/2023 00:00:00,301865,10037,145,2,500,1000
09/10/2023 00:00:00,301866,10057,219,3,1099,3297
09/10/2023 00:00:00,301867,10042,446,1,1849,1849
09/10/2023 00:00:00,301868,10039,180,1,799,799
09/10/2023 00:00:00,301868,10022,911,2,899,1798
09/10/2023 00:00:00,301869,10003,552,3,149,447
09/10/2023 00:00:00,301869,10016,606,1,1599,1599
09/10/2023 00:00:00,301869,10029,229,1,44,44
10/10/2023 00:00:00,301870,10073,757,3,7,21
10/10/2023 00:00:00,301870,10016,852,1,1599,1599
10/10/2023 00:00:00,301871,10055,793,2,95,190
10/10/2023 00:00:00,301871,10028,968,3,1500,4500
10/10/2023 00:00:00,301871,10017,164,1,999,999
10/10/2023 00:00:00,301871,10078,80,2,5,10
10/10/2023 00:00:00,301871,10051,729,1,900,900
11/10/2023 00:00:00,301872,10070,515,3,7,21
11/10/2023 00:00:00,301872,10056,816,1,999,999
11/10/2023 00:00:00,301873,10029,746,2,44,88
11/10/2023 00:00:00,301873,10054,792,2,250,500
11/10/2023 00:00:00,301874,10061,494,1,1199,1199
11/10/2023 00:00:00,301875,10086,114,1,13,13
11/10/2023 00:00:00,301876,10059,331,1,269,269
11/10/2023 00:00:00,301877,10067,931,3,269,807
11/10/2023 00:00:00,301877,10008,562,3,50,150
11/10/2023 00:00:00,301877,10035,537,1,52,52
11/10/2023 00:00:00,301878,10029,749,1,44,44
11/10/2023 00:00:00,301879,10015,726,2,1399,2798
11/10/2023 00:00:00,301879,10018,193,2,1099,2198
11/10/2023 00:00:00,301879,10040,908,2,949,1898
11/10/2023 00:00:00,301880,10065,41,2,399,798
11/10/2023 00:00:00,301881,10084,908,2,7,14
11/10/2023 00:00:00,301881,10040,947,3,949,2847
12/10/2023 00:00:00,301882,10022,742,2,899,1798
12/10/2023 00:00:00,301882,10063,103,1,1799,1799
12/10/2023 00:00:00,301882,10035,830,1,52,52
12/10/2023 00:00:00,301882,10050,576,3,700,2100
12/10/2023 00:00:00,301883,10031,903,2,25,50
12/10/2023 00:00:00,301883,10075,302,2,5,10
12/10/2023 00:00:00,301883,10072,164,2,5,10
12/10/2023 00:00:00,301883,10028,222,3,1500,4500
12/10/2023 00:00:00,301884,10010,342,2,29,58
12/10/2023 00:00:00,301884,10069,651,2,5,10
12/10/2023 00:00:00,301885,10059,425,3,269,807
12/10/2023 00:00:00,301885,10052,936,2,300,600
12/10/2023 00:00:00,301885,10001,163,2,27,54
12/10/2023 00:00:00,301885,10006,411,2,24,48
12/10/2023 00:00:00,301886,10041,77,2,749,1498
12/10/2023 00:00:00,301886,10048,974,1,500,500
12/10/2023 00:00:00,301886,10024,478,3,199,597
12/10/2023 00:00:00,301886,10043,729,1,450,450
12/10/2023 00:00:00,301886,10070,123,3,7,21
12/10/2023 00:00:00,301886,10033,201,2,295,590
12/10/2023 00:00:00,301887,10067,713,1,269,269
12/10/2023 00:00:00,301887,10071,390,3,6,18
12/10/2023 00:00:00,301888,10061,760,3,1199,3597
12/10/2023 00:00:00,301889,10009,138,3,80,240
12/10/2023 00:00:00,301889,10040,131,1,949,949
12/10/2023 00:00:00,301889,10076,626,3,7,21
12/10/2023 00:00:00,301889,10035,939,1,52,52
13/10/2023 00:00:00,301890,10010,668,3,29,87
13/10/2023 00:00:00,301891,10010,569,1,29,29
13/10/2023 00:00:00,301891,10076,144,1,7,7
13/10/2023 00:00:00,301891,10075,436,3,5,15
13/10/2023 00:00:00,301891,10007,960,1,230,230
13/10/2023 00:00:00,301891,10009,324,1,80,80
13/10/2023 00:00:00,301891,10048,738,1,500,500
13/10/2023 00:00:00,301891,10077,832,2,6,12
13/10/2023 00:00:00,301892,10038,587,1,379,379
13/10/2023 00:00:00,301893,10029,290,1,44,44
13/10/2023 00:00:00,301893,10055,659,3,95,285
13/10/2023 00:00:00,301894,10062,842,1,1499,1499
13/10/2023 00:00:00,301895,10069,502,3,5,15
13/10/2023 00:00:00,301895,10008,74,3,50,150
13/10/2023 00:00:00,301896,10010,969,3,29,87
13/10/2023 00:00:00,301896,10029,830,2,44,88
13/10/2023 00:00:00,301896,10049,417,3,450,1350
13/10/2023 00:00:00,301896,10045,917,2,499,998
13/10/2023 00:00:00,301896,10072,365,3,5,15
13/10/2023 00:00:00,301896,10003,585,1,149,149
13/10/2023 00:00:00,301897,10053,589,2,90,180
13/10/2023 00:00:00,301898,10079,164,1,7,7
13/10/2023 00:00:00,301898,10031,391,2,25,50
13/10/2023 00:00:00,301899,10079,138,3,7,21
14/10/2023 00:00:00,301900,10072,241,2,5,10
14/10/2023 00:00:00,301901,10009,209,1,80,80
14/10/2023 00:00:00,301902,10005,413,2,36,72
14/10/2023 00:00:00,301903,10034,553,3,90,270
14/10/2023 00:00:00,301904,10043,779,1,450,450
14/10/2023 00:00:00,301904,10060,242,1,579,579
14/10/2023 00:00:00,301905,10042,672,1,1849,1849
14/10/2023 00:00:00,301905,10069,871,3,5,15
14/10/2023 00:00:00,301906,10049,748,2,450,900
14/10/2023 00:00:00,301906,10077,996,3,6,18
14/10/2023 00:00:00,301906,10054,925,3,250,750
14/10/2023 00:00:00,301907,10070,859,2,7,14
15/10/2023 00:00:00,301908,10021,113,2,799,1598
15/10/2023 00:00:00,301908,10039,796,1,799,799
15/10/2023 00:00:00,301908,10018,248,2,1099,2198
15/10/2023 00:00:00,301909,10069,227,2,5,10
15/10/2023 00:00:00,301909,10078,391,3,5,15
15/10/2023 00:00:00,301910,10044,639,2,750,1500
15/10/2023 00:00:00,301910,10056,32,1,999,999
15/10/2023 00:00:00,301910,10076,603,3,7,21
15/10/2023 00:00:00,301911,10071,807,3,6,18
15/10/2023 00:00:00,301912,10020,455,1,1499,1499
15/10/2023 00:00:00,301913,10077,202,1,6,6
15/10/2023 00:00:00,301913,10016,825,3,1599,4797
15/10/2023 00:00:00,301913,10057,894,2,1099,2198
15/10/2023 00:00:00,301913,10018,294,3,1099,3297
15/10/2023 00:00:00,301913,10082,276,2,20,40
15/10/2023 00:00:00,301914,10076,15,1,7,7
15/10/2023 00:00:00,301914,10042,609,1,1849,1849
15/10/2023 00:00:00,301915,10015,222,2,1399,2798
15/10/2023 00:00:00,301915,10035,712,3,52,156
15/10/2023 00:00:00,301916,10027,755,2,109,218
16/10/2023 00:00:00,301917,10042,451,1,1849,1849
16/10/2023 00:00:00,301918,10020,758,2,1499,2998
16/10/2023 00:00:00,301919,10028,763,1,1500,1500
16/10/2023 00:00:00,301920,10038,964,1,379,379
16/10/2023 00:00:00,301921,10030,984,3,234,702
17/10/2023 00:00:00,301924,10016,393,3,1599,4797
17/10/2023 00:00:00,301926,10042,298,3,1849,5547
17/10/2023 00:00:00,301926,10036,673,3,111,333
17/10/2023 00:00:00,301926,10030,109,2,234,468
17/10/2023 00:00:00,301926,10005,68,1,36,36
17/10/2023 00:00:00,301927,10031,605,2,25,50
17/10/2023 00:00:00,301927,10036,459,3,111,333
17/10/2023 00:00:00,301927,10014,292,2,1199,2398
17/10/2023 00:00:00,301927,10053,545,2,90,180
17/10/2023 00:00:00,301927,10042,3,3,1849,5547
17/10/2023 00:00:00,301929,10049,221,3,450,1350
17/10/2023 00:00:00,301929,10003,16,2,149,298
17/10/2023 00:00:00,301929,10036,835,2,111,222
17/10/2023 00:00:00,301929,10054,777,3,250,750
17/10/2023 00:00:00,301929,10027,5,2,109,218
18/10/2023 00:00:00,301932,10037,814,1,500,500
18/10/2023 00:00:00,301932,10049,920,2,450,900
18/10/2023 00:00:00,301933,10072,942,2,5,10
18/10/2023 00:00:00,301933,10058,603,2,799,1598
18/10/2023 00:00:00,301933,10072,259,3,5,15
18/10/2023 00:00:00,301933,10012,2,3,70,210
18/10/2023 00:00:00,301933,10044,562,2,750,1500
18/10/2023 00:00:00,301933,10023,321,3,1099,3297
18/10/2023 00:00:00,301934,10086,848,2,13,26
18/10/2023 00:00:00,301935,10071,322,1,6,6
18/10/2023 00:00:00,301936,10014,496,3,1199,3597
18/10/2023 00:00:00,301936,10059,844,1,269,269
18/10/2023 00:00:00,301937,10079,862,1,7,7
18/10/2023 00:00:00,301937,10080,321,1,6,6
18/10/2023 00:00:00,301938,10051,5,3,900,2700
18/10/2023 00:00:00,301938,10035,26,1,52,52
18/10/2023 00:00:00,301938,10028,220,2,1500,3000
18/10/2023 00:00:00,301938,10066,206,1,149,149
18/10/2023 00:00:00,301938,10082,629,1,20,20
18/10/2023 00:00:00,301939,10060,880,2,579,1158
18/10/2023 00:00:00,301940,10006,63,3,24,72
18/10/2023 00:00:00,301940,10029,309,1,44,44
18/10/2023 00:00:00,301940,10071,578,1,6,6
18/10/2023 00:00:00,301941,10031,722,1,25,25
19/10/2023 00:00:00,301942,10044,109,1,750,750
20/10/2023 00:00:00,301943,10006,931,3,24,72
20/10/2023 00:00:00,301943,10030,2,3,234,702
20/10/2023 00:00:00,301943,10061,763,2,1199,2398
20/10/2023 00:00:00,301943,10050,391,3,700,2100
20/10/2023 00:00:00,301943,10001,959,3,27,81
20/10/2023 00:00:00,301944,10023,380,3,1099,3297
20/10/2023 00:00:00,301945,10034,505,1,90,90
20/10/2023 00:00:00,301946,10012,144,1,70,70
20/10/2023 00:00:00,301946,10045,102,2,499,998
20/10/2023 00:00:00,301946,10031,140,1,25,25
20/10/2023 00:00:00,301947,10048,861,3,500,1500
20/10/2023 00:00:00,301947,10082,871,1,20,20
20/10/2023 00:00:00,301947,10051,864,3,900,2700
21/10/2023 00:00:00,301948,10016,310,2,1599,3198
21/10/2023 00:00:00,301949,10056,306,2,999,1998
21/10/2023 00:00:00,301950,10012,177,3,70,210
22/10/2023 00:00:00,301951,10036,989,2,111,222
22/10/2023 00:00:00,301951,10044,750,2,750,1500
22/10/2023 00:00:00,301951,10008,457,2,50,100
22/10/2023 00:00:00,301952,10046,730,2,200,400
22/10/2023 00:00:00,301953,10072,193,1,5,5
22/10/2023 00:00:00,301954,10064,672,3,1249,3747
22/10/2023 00:00:00,301954,10042,243,1,1849,1849
23/10/2023 00:00:00,301955,10053,170,2,90,180
23/10/2023 00:00:00,301956,10047,17,3,300,900
23/10/2023 00:00:00,301956,10015,790,3,1399,4197
23/10/2023 00:00:00,301956,10066,820,1,149,149
23/10/2023 00:00:00,301957,10057,794,2,1099,2198
23/10/2023 00:00:00,301958,10033,120,3,295,885
23/10/2023 00:00:00,301958,10030,277,2,234,468
23/10/2023 00:00:00,301958,10057,809,3,1099,3297
23/10/2023 00:00:00,301958,10045,905,1,499,499
23/10/2023 00:00:00,301959,10020,541,1,1499,1499
23/10/2023 00:00:00,301959,10015,775,1,1399,1399
23/10/2023 00:00:00,301960,10019,924,1,1299,1299
23/10/2023 00:00:00,301960,10046,178,2,200,400
23/10/2023 00:00:00,301960,10038,617,3,379,1137
23/10/2023 00:00:00,301961,10034,977,2,90,180
24/10/2023 00:00:00,301962,10010,504,1,29,29
24/10/2023 00:00:00,301963,10023,267,3,1099,3297
24/10/2023 00:00:00,301964,10060,312,1,579,579
24/10/2023 00:00:00,301965,10001,37,3,27,81
24/10/2023 00:00:00,301966,10064,106,1,1249,1249
24/10/2023 00:00:00,301967,10023,223,1,1099,1099
24/10/2023 00:00:00,301967,10013,870,2,157,314
24/10/2023 00:00:00,301967,10072,94,1,5,5
24/10/2023 00:00:00,301967,10056,44,2,999,1998
24/10/2023 00:00:00,301968,10026,118,3,850,2550
24/10/2023 00:00:00,301968,10050,117,2,700,1400
24/10/2023 00:00:00,301969,10023,617,2,1099,2198
24/10/2023 00:00:00,301969,10024,668,1,199,199
25/10/2023 00:00:00,301970,10025,662,2,399,798
25/10/2023 00:00:00,301970,10081,487,3,5,15
25/10/2023 00:00:00,301971,10044,749,1,750,750
25/10/2023 00:00:00,301971,10070,501,1,7,7
25/10/2023 00:00:00,301972,10072,271,3,5,15
25/10/2023 00:00:00,301973,10003,267,3,149,447
25/10/2023 00:00:00,301973,10077,277,2,6,12
26/10/2023 00:00:00,301974,10008,888,2,50,100
26/10/2023 00:00:00,301975,10074,807,2,6,12
26/10/2023 00:00:00,301976,10018,958,2,1099,2198
26/10/2023 00:00:00,301976,10016,186,2,1599,3198
26/10/2023 00:00:00,301976,10054,231,1,250,250
26/10/2023 00:00:00,301976,10053,207,3,90,270
26/10/2023 00:00:00,301976,10067,720,2,269,538
26/10/2023 00:00:00,301977,10029,387,1,44,44
26/10/2023 00:00:00,301977,10003,753,3,149,447
26/10/2023 00:00:00,301977,10027,599,1,109,109
26/10/2023 00:00:00,301978,10055,633,2,95,190
26/10/2023 00:00:00,301979,10080,907,3,6,18
26/10/2023 00:00:00,301979,10016,128,2,1599,3198
26/10/2023 00:00:00,301979,10042,805,2,1849,3698
26/10/2023 00:00:00,301979,10060,473,2,579,1158
27/10/2023 00:00:00,301980,10031,535,3,25,75
27/10/2023 00:00:00,301981,10001,548,1,27,27
27/10/2023 00:00:00,301981,10041,546,1,749,749
27/10/2023 00:00:00,301982,10033,73,2,295,590
27/10/2023 00:00:00,301982,10086,812,1,13,13
27/10/2023 00:00:00,301983,10042,844,3,1849,5547
27/10/2023 00:00:00,301984,10042,575,2,1849,3698
28/10/2023 00:00:00,301985,10015,100,3,1399,4197
28/10/2023 00:00:00,301986,10034,525,2,90,180
28/10/2023 00:00:00,301986,10024,956,2,199,398
28/10/2023 00:00:00,301986,10019,920,3,1299,3897
28/10/2023 00:00:00,301986,10084,3,3,7,21
28/10/2023 00:00:00,301986,10071,994,2,6,12
28/10/2023 00:00:00,301986,10039,37,3,799,2397
28/10/2023 00:00:00,301986,10014,122,1,1199,1199
28/10/2023 00:00:00,301986,10018,441,3,1099,3297
28/10/2023 00:00:00,301986,10027,668,1,109,109
28/10/2023 00:00:00,301987,10073,560,2,7,14
28/10/2023 00:00:00,301987,10004,725,3,35,105
28/10/2023 00:00:00,301987,10040,289,2,949,1898
28/10/2023 00:00:00,301987,10030,557,2,234,468
28/10/2023 00:00:00,301987,10013,624,1,157,157
28/10/2023 00:00:00,301987,10074,489,1,6,6
28/10/2023 00:00:00,301987,10064,136,2,1249,2498
28/10/2023 00:00:00,301987,10032,805,2,70,140
28/10/2023 00:00:00,301987,10063,544,1,1799,1799
28/10/2023 00:00:00,301988,10003,583,3,149,447
28/10/2023 00:00:00,301989,10028,757,1,1500,1500
28/10/2023 00:00:00,301989,10002,668,2,81,162
28/10/2023 00:00:00,301989,10084,304,1,7,7
28/10/2023 00:00:00,301989,10008,936,1,50,50
28/10/2023 00:00:00,301989,10059,26,3,269,807
28/10/2023 00:00:00,301989,10049,259,2,450,900
28/10/2023 00:00:00,301989,10034,469,3,90,270
28/10/2023 00:00:00,301990,10033,467,1,295,295
28/10/2023 00:00:00,301991,10040,979,2,949,1898
28/10/2023 00:00:00,301991,10002,21,3,81,243
28/10/2023 00:00:00,301992,10062,156,1,1499,1499
28/10/2023 00:00:00,301992,10059,313,3,269,807
28/10/2023 00:00:00,301993,10077,160,1,6,6
28/10/2023 00:00:00,301994,10064,647,3,1249,3747
29/10/2023 00:00:00,301995,10070,470,2,7,14
29/10/2023 00:00:00,301996,10035,629,1,52,52
29/10/2023 00:00:00,301997,10034,22,3,90,270
29/10/2023 00:00:00,301997,10015,451,3,1399,4197
29/10/2023 00:00:00,301997,10059,508,2,269,538
29/10/2023 00:00:00,301998,10022,144,2,899,1798
29/10/2023 00:00:00,301999,10068,47,3,279,837
29/10/2023 00:00:00,301999,10035,731,3,52,156
29/10/2023 00:00:00,301999,10034,784,1,90,90
29/10/2023 00:00:00,302000,10012,504,2,70,140
29/10/2023 00:00:00,302000,10084,560,1,7,7
29/10/2023 00:00:00,302000,10034,389,2,90,180
29/10/2023 00:00:00,302000,10071,820,3,6,18
29/10/2023 00:00:00,302001,10010,454,3,29,87
29/10/2023 00:00:00,302001,10086,690,3,13,39
30/10/2023 00:00:00,302002,10085,590,2,6,12
30/10/2023 00:00:00,302003,10042,835,3,1849,5547
30/10/2023 00:00:00,302004,10074,425,3,6,18
30/10/2023 00:00:00,302005,10059,213,2,269,538
30/10/2023 00:00:00,302005,10034,974,2,90,180
30/10/2023 00:00:00,302005,10030,970,2,234,468
30/10/2023 00:00:00,302005,10078,981,1,5,5
30/10/2023 00:00:00,302005,10022,307,1,899,899
30/10/2023 00:00:00,302005,10025,181,3,399,1197
30/10/2023 00:00:00,302005,10062,618,1,1499,1499
31/10/2023 00:00:00,302006,10082,304,2,20,40
31/10/2023 00:00:00,302007,10081,142,1,5,5
31/10/2023 00:00:00,302008,10004,369,2,35,70
31/10/2023 00:00:00,302008,10021,4,2,799,1598
31/10/2023 00:00:00,302009,10076,959,2,7,14
31/10/2023 00:00:00,302009,10024,146,3,199,597
31/10/2023 00:00:00,302009,10019,224,2,1299,2598
31/10/2023 00:00:00,302010,10067,894,1,269,269
31/10/2023 00:00:00,302010,10053,408,2,90,180
31/10/2023 00:00:00,302010,10042,586,1,1849,1849
31/10/2023 00:00:00,302010,10054,508,2,250,500
01/11/2023 00:00:00,302011,10050,437,1,700,700
01/11/2023 00:00:00,302012,10080,814,2,6,12
01/11/2023 00:00:00,302013,10056,9,2,999,1998
01/11/2023 00:00:00,302013,10056,477,1,999,999
01/11/2023 00:00:00,302013,10038,731,1,379,379
01/11/2023 00:00:00,302014,10072,241,3,5,15
01/11/2023 00:00:00,302015,10050,729,2,700,1400
01/11/2023 00:00:00,302015,10048,938,2,500,1000
01/11/2023 00:00:00,302015,10065,258,1,399,399
01/11/2023 00:00:00,302016,10011,810,2,106,212
01/11/2023 00:00:00,302017,10017,657,2,999,1998
02/11/2023 00:00:00,302018,10057,584,1,1099,1099
02/11/2023 00:00:00,302018,10029,411,1,44,44
02/11/2023 00:00:00,302019,10064,508,2,1249,2498
02/11/2023 00:00:00,302020,10040,697,1,949,949
02/11/2023 00:00:00,302020,10022,927,3,899,2697
02/11/2023 00:00:00,302020,10006,771,2,24,48
02/11/2023 00:00:00,302021,10031,662,2,25,50
02/11/2023 00:00:00,302022,10061,410,2,1199,2398
02/11/2023 00:00:00,302022,10082,140,1,20,20
02/11/2023 00:00:00,302023,10068,859,2,279,558
02/11/2023 00:00:00,302023,10023,692,2,1099,2198
02/11/2023 00:00:00,302024,10072,521,1,5,5
02/11/2023 00:00:00,302024,10014,926,3,1199,3597
02/11/2023 00:00:00,302024,10003,670,2,149,298
02/11/2023 00:00:00,302025,10003,897,2,149,298
02/11/2023 00:00:00,302025,10040,727,1,949,949
03/11/2023 00:00:00,302026,10051,260,3,900,2700
03/11/2023 00:00:00,302026,10012,808,2,70,140
03/11/2023 00:00:00,302026,10050,754,1,700,700
03/11/2023 00:00:00,302026,10067,482,2,269,538
03/11/2023 00:00:00,302026,10049,430,2,450,900
03/11/2023 00:00:00,302027,10085,751,2,6,12
03/11/2023 00:00:00,302028,10054,864,3,250,750
03/11/2023 00:00:00,302029,10027,242,2,109,218
03/11/2023 00:00:00,302030,10033,40,3,295,885
04/11/2023 00:00:00,302031,10006,27,1,24,24
04/11/2023 00:00:00,302031,10055,127,2,95,190
04/11/2023 00:00:00,302031,10005,208,3,36,108
04/11/2023 00:00:00,302031,10023,50,2,1099,2198
04/11/2023 00:00:00,302031,10080,976,3,6,18
04/11/2023 00:00:00,302032,10084,118,3,7,21
04/11/2023 00:00:00,302033,10051,844,1,900,900
04/11/2023 00:00:00,302033,10072,598,1,5,5
05/11/2023 00:00:00,302034,10020,425,2,1499,2998
05/11/2023 00:00:00,302034,10054,130,3,250,750
05/11/2023 00:00:00,302034,10026,619,1,850,850
05/11/2023 00:00:00,302034,10045,783,3,499,1497
05/11/2023 00:00:00,302034,10082,87,2,20,40
05/11/2023 00:00:00,302035,10064,191,2,1249,2498
05/11/2023 00:00:00,302036,10038,217,1,379,379
05/11/2023 00:00:00,302037,10050,547,1,700,700
05/11/2023 00:00:00,302038,10074,696,3,6,18
05/11/2023 00:00:00,302038,10010,41,2,29,58
05/11/2023 00:00:00,302038,10006,899,3,24,72
05/11/2023 00:00:00,302038,10035,99,1,52,52
05/11/2023 00:00:00,302039,10077,808,1,6,6
05/11/2023 00:00:00,302039,10048,242,1,500,500
06/11/2023 00:00:00,302040,10041,728,3,749,2247
06/11/2023 00:00:00,302040,10001,820,3,27,81
06/11/2023 00:00:00,302041,10078,829,3,5,15
06/11/2023 00:00:00,302042,10061,747,3,1199,3597
06/11/2023 00:00:00,302042,10053,192,1,90,90
06/11/2023 00:00:00,302043,10085,69,2,6,12
06/11/2023 00:00:00,302043,10020,165,1,1499,1499
06/11/2023 00:00:00,302044,10079,931,3,7,21
06/11/2023 00:00:00,302045,10046,485,1,200,200
06/11/2023 00:00:00,302046,10015,693,1,1399,1399
06/11/2023 00:00:00,302046,10002,382,2,81,162
06/11/2023 00:00:00,302046,10077,210,3,6,18
06/11/2023 00:00:00,302046,10071,233,2,6,12
06/11/2023 00:00:00,302046,10083,420,1,50,50
06/11/2023 00:00:00,302047,10033,869,2,295,590
06/11/2023 00:00:00,302047,10036,783,2,111,222
06/11/2023 00:00:00,302047,10085,519,1,6,6
06/11/2023 00:00:00,302047,10036,976,3,111,333
06/11/2023 00:00:00,302047,10085,965,1,6,6
06/11/2023 00:00:00,302048,10081,138,3,5,15
06/11/2023 00:00:00,302048,10086,840,1,13,13
06/11/2023 00:00:00,302048,10048,291,1,500,500
06/11/2023 00:00:00,302048,10023,23,2,1099,2198
06/11/2023 00:00:00,302048,10010,925,2,29,58
07/11/2023 00:00:00,302049,10068,810,2,279,558
07/11/2023 00:00:00,302049,10024,193,2,199,398
07/11/2023 00:00:00,302050,10004,454,2,35,70
07/11/2023 00:00:00,302050,10017,855,2,999,1998
07/11/2023 00:00:00,302050,10027,197,1,109,109
07/11/2023 00:00:00,302050,10058,847,3,799,2397
07/11/2023 00:00:00,302051,10077,751,3,6,18
07/11/2023 00:00:00,302052,10010,435,1,29,29
08/11/2023 00:00:00,302053,10024,486,2,199,398
08/11/2023 00:00:00,302054,10065,74,1,399,399
08/11/2023 00:00:00,302055,10008,102,1,50,50
08/11/2023 00:00:00,302055,10031,686,1,25,25
08/11/2023 00:00:00,302055,10063,305,1,1799,1799
08/11/2023 00:00:00,302055,10057,725,3,1099,3297
08/11/2023 00:00:00,302056,10028,188,3,1500,4500
08/11/2023 00:00:00,302057,10065,706,2,399,798
08/11/2023 00:00:00,302058,10046,663,3,200,600
08/11/2023 00:00:00,302059,10040,234,1,949,949
08/11/2023 00:00:00,302060,10044,105,3,750,2250
08/11/2023 00:00:00,302060,10058,268,3,799,2397
08/11/2023 00:00:00,302060,10064,308,1,1249,1249
08/11/2023 00:00:00,302060,10006,810,1,24,24
08/11/2023 00:00:00,302061,10057,386,2,1099,2198
08/11/2023 00:00:00,302062,10001,172,3,27,81
08/11/2023 00:00:00,302063,10074,125,3,6,18
08/11/2023 00:00:00,302063,10035,605,1,52,52
08/11/2023 00:00:00,302063,10045,884,1,499,499
08/11/2023 00:00:00,302063,10017,533,1,999,999
08/11/2023 00:00:00,302063,10068,433,2,279,558
09/11/2023 00:00:00,302064,10018,571,3,1099,3297
09/11/2023 00:00:00,302064,10026,678,2,850,1700
09/11/2023 00:00:00,302065,10058,138,3,799,2397
09/11/2023 00:00:00,302066,10060,651,1,579,579
09/11/2023 00:00:00,302067,10054,131,1,250,250
09/11/2023 00:00:00,302068,10045,10,2,499,998
09/11/2023 00:00:00,302068,10072,570,3,5,15
09/11/2023 00:00:00,302068,10022,873,3,899,2697
09/11/2023 00:00:00,302068,10002,180,3,81,243
09/11/2023 00:00:00,302069,10079,648,1,7,7
09/11/2023 00:00:00,302070,10039,476,3,799,2397
09/11/2023 00:00:00,302070,10045,741,2,499,998
09/11/2023 00:00:00,302071,10016,4,3,1599,4797
09/11/2023 00:00:00,302071,10034,312,3,90,270
09/11/2023 00:00:00,302071,10050,391,3,700,2100
09/11/2023 00:00:00,302071,10002,707,1,81,81
09/11/2023 00:00:00,302071,10013,211,1,157,157
10/11/2023 00:00:00,302072,10032,745,2,70,140
10/11/2023 00:00:00,302072,10058,394,3,799,2397
10/11/2023 00:00:00,302072,10061,129,1,1199,1199
10/11/2023 00:00:00,302073,10035,49,3,52,156
10/11/2023 00:00:00,302073,10061,895,1,1199,1199
10/11/2023 00:00:00,302073,10081,341,1,5,5
10/11/2023 00:00:00,302073,10085,661,1,6,6
10/11/2023 00:00:00,302073,10028,709,1,1500,1500
10/11/2023 00:00:00,302074,10060,117,1,579,579
10/11/2023 00:00:00,302075,10065,672,2,399,798
10/11/2023 00:00:00,302076,10015,758,2,1399,2798
10/11/2023 00:00:00,302077,10072,935,2,5,10
10/11/2023 00:00:00,302078,10009,698,3,80,240
10/11/2023 00:00:00,302078,10047,848,3,300,900
11/11/2023 00:00:00,302079,10053,109,2,90,180
11/11/2023 00:00:00,302079,10004,267,3,35,105
11/11/2023 00:00:00,302080,10054,156,1,250,250
11/11/2023 00:00:00,302080,10007,2,2,230,460
11/11/2023 00:00:00,302080,10051,947,2,900,1800
11/11/2023 00:00:00,302081,10027,572,3,109,327
11/11/2023 00:00:00,302081,10056,968,3,999,2997
11/11/2023 00:00:00,302081,10051,3,2,900,1800
11/11/2023 00:00:00,302081,10070,431,3,7,21
11/11/2023 00:00:00,302082,10010,511,3,29,87
11/11/2023 00:00:00,302082,10050,361,2,700,1400
11/11/2023 00:00:00,302082,10077,703,3,6,18
11/11/2023 00:00:00,302082,10015,467,1,1399,1399
11/11/2023 00:00:00,302082,10061,321,3,1199,3597
11/11/2023 00:00:00,302083,10008,492,1,50,50
11/11/2023 00:00:00,302083,10048,769,1,500,500
11/11/2023 00:00:00,302084,10064,333,3,1249,3747
11/11/2023 00:00:00,302084,10022,267,1,899,899
11/11/2023 00:00:00,302085,10024,435,3,199,597
11/11/2023 00:00:00,302086,10039,554,3,799,2397
11/11/2023 00:00:00,302087,10057,520,1,1099,1099
11/11/2023 00:00:00,302088,10068,582,2,279,558
11/11/2023 00:00:00,302088,10037,635,2,500,1000
11/11/2023 00:00:00,302088,10037,461,3,500,1500
11/11/2023 00:00:00,302089,10081,184,3,5,15
11/11/2023 00:00:00,302090,10038,338,3,379,1137
11/11/2023 00:00:00,302090,10075,930,2,5,10
12/11/2023 00:00:00,302091,10003,63,2,149,298
12/11/2023 00:00:00,302091,10052,409,3,300,900
12/11/2023 00:00:00,302091,10030,429,3,234,702
12/11/2023 00:00:00,302091,10043,411,1,450,450
12/11/2023 00:00:00,302091,10035,102,2,52,104
12/11/2023 00:00:00,302092,10024,302,2,199,398
12/11/2023 00:00:00,302093,10055,361,2,95,190
12/11/2023 00:00:00,302094,10072,885,3,5,15
12/11/2023 00:00:00,302094,10001,195,2,27,54
12/11/2023 00:00:00,302094,10057,123,2,1099,2198
12/11/2023 00:00:00,302095,10001,788,3,27,81
12/11/2023 00:00:00,302096,10057,832,1,1099,1099
12/11/2023 00:00:00,302096,10037,417,3,500,1500
12/11/2023 00:00:00,302096,10028,603,2,1500,3000
12/11/2023 00:00:00,302097,10040,262,2,949,1898
12/11/2023 00:00:00,302097,10043,991,3,450,1350
12/11/2023 00:00:00,302097,10025,219,1,399,399
12/11/2023 00:00:00,302097,10069,514,2,5,10
12/11/2023 00:00:00,302097,10009,657,2,80,160
13/11/2023 00:00:00,302098,10006,570,3,24,72
13/11/2023 00:00:00,302099,10036,68,3,111,333
13/11/2023 00:00:00,302099,10047,375,2,300,600
13/11/2023 00:00:00,302100,10066,606,2,149,298
13/11/2023 00:00:00,302101,10037,9,2,500,1000
13/11/2023 00:00:00,302102,10038,117,1,379,379
13/11/2023 00:00:00,302103,10002,755,2,81,162
13/11/2023 00:00:00,302103,10029,174,3,44,132
13/11/2023 00:00:00,302104,10061,254,1,1199,1199
13/11/2023 00:00:00,302104,10008,451,3,50,150
13/11/2023 00:00:00,302105,10066,520,1,149,149
13/11/2023 00:00:00,302106,10014,233,1,1199,1199
13/11/2023 00:00:00,302107,10001,377,2,27,54
13/11/2023 00:00:00,302107,10059,880,2,269,538
13/11/2023 00:00:00,302108,10003,226,1,149,149
13/11/2023 00:00:00,302109,10017,496,1,999,999
13/11/2023 00:00:00,302109,10078,282,1,5,5
13/11/2023 00:00:00,302110,10024,119,2,199,398
13/11/2023 00:00:00,302110,10007,434,1,230,230
13/11/2023 00:00:00,302111,10014,459,3,1199,3597
13/11/2023 00:00:00,302111,10054,222,3,250,750
13/11/2023 00:00:00,302111,10043,321,3,450,1350
14/11/2023 00:00:00,302112,10002,176,3,81,243
14/11/2023 00:00:00,302113,10071,620,3,6,18
14/11/2023 00:00:00,302113,10013,644,1,157,157
14/11/2023 00:00:00,302114,10058,202,1,799,799
14/11/2023 00:00:00,302114,10002,144,1,81,81
14/11/2023 00:00:00,302115,10079,680,2,7,14
14/11/2023 00:00:00,302115,10004,435,2,35,70
14/11/2023 00:00:00,302115,10006,156,1,24,24
14/11/2023 00:00:00,302116,10070,192,2,7,14
14/11/2023 00:00:00,302116,10008,213,1,50,50
14/11/2023 00:00:00,302116,10065,343,2,399,798
14/11/2023 00:00:00,302116,10086,726,1,13,13
14/11/2023 00:00:00,302117,10078,484,2,5,10
15/11/2023 00:00:00,302118,10082,780,3,20,60
15/11/2023 00:00:00,302119,10060,826,3,579,1737
15/11/2023 00:00:00,302119,10016,758,3,1599,4797
15/11/2023 00:00:00,302120,10080,104,1,6,6
15/11/2023 00:00:00,302120,10081,307,1,5,5
15/11/2023 00:00:00,302121,10013,589,1,157,157
15/11/2023 00:00:00,302121,10074,937,2,6,12
15/11/2023 00:00:00,302122,10006,559,2,24,48
15/11/2023 00:00:00,302123,10015,478,1,1399,1399
15/11/2023 00:00:00,302123,10027,633,2,109,218
15/11/2023 00:00:00,302124,10013,865,1,157,157
15/11/2023 00:00:00,302125,10048,865,3,500,1500
15/11/2023 00:00:00,302125,10046,893,2,200,400
15/11/2023 00:00:00,302125,10085,102,1,6,6
15/11/2023 00:00:00,302125,10021,975,1,799,799
15/11/2023 00:00:00,302126,10064,218,3,1249,3747
16/11/2023 00:00:00,302127,10028,440,2,1500,3000
16/11/2023 00:00:00,302127,10045,703,2,499,998
16/11/2023 00:00:00,302128,10048,440,1,500,500
16/11/2023 00:00:00,302129,10085,600,3,6,18
16/11/2023 00:00:00,302129,10017,899,3,999,2997
16/11/2023 00:00:00,302129,10023,960,2,1099,2198
16/11/2023 00:00:00,302129,10020,94,3,1499,4497
17/11/2023 00:00:00,302130,10072,365,3,5,15
17/11/2023 00:00:00,302130,10042,76,1,1849,1849
17/11/2023 00:00:00,302130,10070,216,3,7,21
17/11/2023 00:00:00,302131,10032,34,2,70,140
17/11/2023 00:00:00,302131,10047,832,1,300,300
17/11/2023 00:00:00,302132,10074,182,3,6,18
17/11/2023 00:00:00,302133,10031,950,2,25,50
17/11/2023 00:00:00,302133,10080,298,2,6,12
17/11/2023 00:00:00,302134,10070,674,2,7,14
18/11/2023 00:00:00,302135,10024,846,2,199,398
18/11/2023 00:00:00,302135,10018,477,3,1099,3297
18/11/2023 00:00:00,302136,10043,600,2,450,900
18/11/2023 00:00:00,302137,10061,645,1,1199,1199
18/11/2023 00:00:00,302137,10001,507,1,27,27
18/11/2023 00:00:00,302138,10047,489,1,300,300
18/11/2023 00:00:00,302139,10023,687,3,1099,3297
18/11/2023 00:00:00,302140,10056,32,1,999,999
18/11/2023 00:00:00,302140,10086,865,2,13,26
18/11/2023 00:00:00,302141,10017,766,3,999,2997
18/11/2023 00:00:00,302142,10069,858,3,5,15
18/11/2023 00:00:00,302142,10005,944,1,36,36
18/11/2023 00:00:00,302143,10071,138,1,6,6
18/11/2023 00:00:00,302144,10051,190,2,900,1800
18/11/2023 00:00:00,302144,10058,999,3,799,2397
19/11/2023 00:00:00,302145,10054,858,3,250,750
19/11/2023 00:00:00,302145,10022,582,1,899,899
19/11/2023 00:00:00,302146,10038,928,1,379,379
19/11/2023 00:00:00,302147,10050,31,3,700,2100
19/11/2023 00:00:00,302148,10067,811,1,269,269
19/11/2023 00:00:00,302148,10022,833,3,899,2697
19/11/2023 00:00:00,302149,10019,762,1,1299,1299
19/11/2023 00:00:00,302149,10086,319,3,13,39
19/11/2023 00:00:00,302149,10014,568,3,1199,3597
19/11/2023 00:00:00,302149,10022,759,3,899,2697
19/11/2023 00:00:00,302149,10023,790,1,1099,1099
19/11/2023 00:00:00,302149,10019,791,1,1299,1299
19/11/2023 00:00:00,302149,10047,210,2,300,600
19/11/2023 00:00:00,302149,10019,668,1,1299,1299
19/11/2023 00:00:00,302150,10086,771,2,13,26
19/11/2023 00:00:00,302151,10022,323,1,899,899
19/11/2023 00:00:00,302152,10007,840,2,230,460
19/11/2023 00:00:00,302152,10046,997,2,200,400
19/11/2023 00:00:00,302152,10032,763,2,70,140
19/11/2023 00:00:00,302152,10071,513,3,6,18
19/11/2023 00:00:00,302152,10071,569,3,6,18
19/11/2023 00:00:00,302152,10047,973,3,300,900
19/11/2023 00:00:00,302152,10075,832,1,5,5
19/11/2023 00:00:00,302152,10007,786,1,230,230
19/11/2023 00:00:00,302153,10021,251,2,799,1598
19/11/2023 00:00:00,302153,10039,826,3,799,2397
19/11/2023 00:00:00,302154,10058,741,1,799,799
20/11/2023 00:00:00,302155,10074,182,2,6,12
20/11/2023 00:00:00,302155,10027,946,3,109,327
20/11/2023 00:00:00,302156,10061,614,1,1199,1199
20/11/2023 00:00:00,302157,10005,482,1,36,36
20/11/2023 00:00:00,302158,10060,908,3,579,1737
20/11/2023 00:00:00,302159,10025,860,2,399,798
20/11/2023 00:00:00,302159,10016,982,1,1599,1599
20/11/2023 00:00:00,302159,10026,419,3,850,2550
20/11/2023 00:00:00,302160,10039,118,1,799,799
20/11/2023 00:00:00,302161,10009,410,3,80,240
20/11/2023 00:00:00,302162,10086,285,3,13,39
20/11/2023 00:00:00,302163,10049,86,3,450,1350
20/11/2023 00:00:00,302164,10054,804,3,250,750
20/11/2023 00:00:00,302164,10067,23,2,269,538
21/11/2023 00:00:00,302165,10055,90,3,95,285
21/11/2023 00:00:00,302166,10081,812,3,5,15
21/11/2023 00:00:00,302166,10031,390,3,25,75
21/11/2023 00:00:00,302167,10082,339,3,20,60
21/11/2023 00:00:00,302168,10082,499,1,20,20
21/11/2023 00:00:00,302168,10014,521,1,1199,1199
21/11/2023 00:00:00,302168,10045,174,1,499,499
21/11/2023 00:00:00,302169,10017,57,3,999,2997
21/11/2023 00:00:00,302169,10038,95,1,379,379
22/11/2023 00:00:00,302170,10033,399,3,295,885
22/11/2023 00:00:00,302171,10026,399,2,850,1700
22/11/2023 00:00:00,302172,10058,176,3,799,2397
22/11/2023 00:00:00,302173,10022,107,2,899,1798
22/11/2023 00:00:00,302173,10074,833,3,6,18
22/11/2023 00:00:00,302173,10046,188,2,200,400
22/11/2023 00:00:00,302174,10053,983,3,90,270
22/11/2023 00:00:00,302174,10040,861,1,949,949
22/11/2023 00:00:00,302174,10057,646,1,1099,1099
22/11/2023 00:00:00,302175,10003,569,1,149,149
22/11/2023 00:00:00,302175,10015,573,2,1399,2798
22/11/2023 00:00:00,302175,10073,471,2,7,14
22/11/2023 00:00:00,302175,10010,446,2,29,58
22/11/2023 00:00:00,302176,10002,783,2,81,162
22/11/2023 00:00:00,302177,10024,62,3,199,597
22/11/2023 00:00:00,302177,10063,302,2,1799,3598
22/11/2023 00:00:00,302178,10059,600,1,269,269
23/11/2023 00:00:00,302179,10076,157,3,7,21
23/11/2023 00:00:00,302180,10003,130,1,149,149
23/11/2023 00:00:00,302180,10073,244,3,7,21
23/11/2023 00:00:00,302181,10070,938,1,7,7
23/11/2023 00:00:00,302181,10016,625,2,1599,3198
23/11/2023 00:00:00,302181,10060,879,3,579,1737
23/11/2023 00:00:00,302181,10063,350,1,1799,1799
23/11/2023 00:00:00,302181,10068,985,1,279,279
23/11/2023 00:00:00,302182,10065,244,2,399,798
23/11/2023 00:00:00,302183,10085,304,2,6,12
23/11/2023 00:00:00,302184,10046,630,2,200,400
23/11/2023 00:00:00,302184,10017,756,1,999,999
23/11/2023 00:00:00,302185,10030,226,2,234,468
24/11/2023 00:00:00,302186,10064,878,2,1249,2498
24/11/2023 00:00:00,302187,10080,635,2,6,12
24/11/2023 00:00:00,302188,10015,924,2,1399,2798
24/11/2023 00:00:00,302188,10067,215,2,269,538
24/11/2023 00:00:00,302188,10036,725,2,111,222
24/11/2023 00:00:00,302189,10036,245,3,111,333
24/11/2023 00:00:00,302190,10004,896,1,35,35
25/11/2023 00:00:00,302191,10004,762,1,35,35
25/11/2023 00:00:00,302192,10038,709,2,379,758
25/11/2023 00:00:00,302193,10013,711,2,157,314
25/11/2023 00:00:00,302194,10078,174,1,5,5
25/11/2023 00:00:00,302195,10085,24,1,6,6
25/11/2023 00:00:00,302195,10009,24,1,80,80
25/11/2023 00:00:00,302196,10041,565,2,749,1498
25/11/2023 00:00:00,302196,10045,16,1,499,499
25/11/2023 00:00:00,302197,10077,91,2,6,12
25/11/2023 00:00:00,302198,10015,516,3,1399,4197
25/11/2023 00:00:00,302198,10086,688,1,13,13
26/11/2023 00:00:00,302199,10030,167,2,234,468
26/11/2023 00:00:00,302199,10060,393,3,579,1737
26/11/2023 00:00:00,302199,10011,612,1,106,106
26/11/2023 00:00:00,302199,10029,798,2,44,88
26/11/2023 00:00:00,302200,10017,769,2,999,1998
26/11/2023 00:00:00,302201,10071,674,2,6,12
26/11/2023 00:00:00,302201,10080,275,2,6,12
26/11/2023 00:00:00,302202,10050,858,2,700,1400
26/11/2023 00:00:00,302202,10015,811,3,1399,4197
26/11/2023 00:00:00,302203,10013,110,1,157,157
27/11/2023 00:00:00,302204,10051,345,2,900,1800
27/11/2023 00:00:00,302205,10078,35,1,5,5
27/11/2023 00:00:00,302206,10077,606,2,6,12
27/11/2023 00:00:00,302206,10018,917,1,1099,1099
27/11/2023 00:00:00,302206,10033,324,2,295,590
27/11/2023 00:00:00,302206,10046,656,3,200,600
27/11/2023 00:00:00,302207,10065,320,2,399,798
27/11/2023 00:00:00,302207,10080,897,3,6,18
27/11/2023 00:00:00,302207,10037,832,2,500,1000
27/11/2023 00:00:00,302208,10056,128,2,999,1998
27/11/2023 00:00:00,302209,10071,540,2,6,12
27/11/2023 00:00:00,302209,10021,960,2,799,1598
27/11/2023 00:00:00,302210,10032,790,1,70,70
27/11/2023 00:00:00,302210,10058,107,2,799,1598
27/11/2023 00:00:00,302211,10048,963,2,500,1000
27/11/2023 00:00:00,302211,10066,835,3,149,447
28/11/2023 00:00:00,302212,10028,370,2,1500,3000
28/11/2023 00:00:00,302213,10080,329,2,6,12
28/11/2023 00:00:00,302213,10052,691,2,300,600
28/11/2023 00:00:00,302214,10034,177,3,90,270
28/11/2023 00:00:00,302215,10074,546,1,6,6
28/11/2023 00:00:00,302216,10032,886,3,70,210
28/11/2023 00:00:00,302217,10077,313,1,6,6
28/11/2023 00:00:00,302217,10002,330,2,81,162
28/11/2023 00:00:00,302218,10086,426,3,13,39
28/11/2023 00:00:00,302218,10050,812,1,700,700
28/11/2023 00:00:00,302219,10027,518,1,109,109
28/11/2023 00:00:00,302219,10041,368,3,749,2247
28/11/2023 00:00:00,302220,10022,237,3,899,2697
28/11/2023 00:00:00,302220,10044,408,2,750,1500
28/11/2023 00:00:00,302220,10080,814,1,6,6
28/11/2023 00:00:00,302221,10044,333,3,750,2250
29/11/2023 00:00:00,300864,10025,358,3,399,1197
29/11/2023 00:00:00,300864,10066,699,3,149,447
29/11/2023 00:00:00,300865,10066,855,1,149,149
29/11/2023 00:00:00,300866,10057,202,1,1099,1099
29/11/2023 00:00:00,300868,10033,168,2,295,590
29/11/2023 00:00:00,300869,10036,275,3,111,333
29/11/2023 00:00:00,300869,10071,548,1,6,6
29/11/2023 00:00:00,300870,10071,689,2,6,12
29/11/2023 00:00:00,300870,10043,723,1,450,450
29/11/2023 00:00:00,300872,10022,587,2,899,1798
29/11/2023 00:00:00,300872,10040,492,3,949,2847
29/11/2023 00:00:00,300872,10057,310,3,1099,3297
29/11/2023 00:00:00,300872,10024,198,2,199,398
29/11/2023 00:00:00,300872,10052,866,1,300,300
29/11/2023 00:00:00,300872,10030,823,1,234,234
29/11/2023 00:00:00,300872,10008,546,3,50,150
29/11/2023 00:00:00,300873,10014,472,1,1199,1199
29/11/2023 00:00:00,300873,10014,123,2,1199,2398
29/11/2023 00:00:00,300873,10001,109,3,27,81
29/11/2023 00:00:00,300873,10016,203,2,1599,3198
29/11/2023 00:00:00,300874,10086,941,1,13,13
29/11/2023 00:00:00,300874,10078,745,1,5,5
29/11/2023 00:00:00,300875,10005,89,1,36,36
29/11/2023 00:00:00,300875,10015,71,3,1399,4197
29/11/2023 00:00:00,300875,10027,425,3,109,327
29/11/2023 00:00:00,300877,10071,27,3,6,18
29/11/2023 00:00:00,300877,10059,108,1,269,269
29/11/2023 00:00:00,300877,10080,466,1,6,6
29/11/2023 00:00:00,300877,10063,10,1,1799,1799
29/11/2023 00:00:00,300878,10082,930,2,20,40
29/11/2023 00:00:00,300878,10047,653,2,300,600
29/11/2023 00:00:00,301922,10017,635,3,999,2997
29/11/2023 00:00:00,301922,10035,846,1,52,52
29/11/2023 00:00:00,301923,10059,471,3,269,807
29/11/2023 00:00:00,301923,10065,390,2,399,798
29/11/2023 00:00:00,301923,10018,299,3,1099,3297
29/11/2023 00:00:00,301923,10049,33,1,450,450
29/11/2023 00:00:00,301923,10041,294,1,749,749
29/11/2023 00:00:00,301923,10047,964,2,300,600
29/11/2023 00:00:00,301925,10006,471,1,24,24
29/11/2023 00:00:00,301928,10058,681,2,799,1598
29/11/2023 00:00:00,301930,10085,353,1,6,6
29/11/2023 00:00:00,301931,10054,552,2,250,500
29/11/2023 00:00:00,301931,10037,303,1,500,500
29/11/2023 00:00:00,301931,10058,41,2,799,1598
29/11/2023 00:00:00,302222,10083,696,1,50,50
29/11/2023 00:00:00,302223,10041,396,2,749,1498
29/11/2023 00:00:00,302223,10076,220,2,7,14
29/11/2023 00:00:00,302225,10078,823,3,5,15
29/11/2023 00:00:00,302226,10027,279,2,109,218
29/11/2023 00:00:00,302227,10015,234,1,1399,1399
29/11/2023 00:00:00,302228,10079,252,1,7,7
29/11/2023 00:00:00,302228,10027,907,1,109,109
29/11/2023 00:00:00,302228,10033,650,3,295,885
29/11/2023 00:00:00,302230,10022,864,2,899,1798
30/11/2023 00:00:00,302231,10064,170,3,1249,3747
30/11/2023 00:00:00,302231,10069,427,3,5,15
30/11/2023 00:00:00,302232,10020,244,2,1499,2998
30/11/2023 00:00:00,302233,10021,170,2,799,1598
30/11/2023 00:00:00,302234,10036,703,2,111,222
30/11/2023 00:00:00,302235,10002,598,2,81,162
30/11/2023 00:00:00,302235,10037,238,1,500,500
30/11/2023 00:00:00,302235,10064,737,1,1249,1249
30/11/2023 00:00:00,302235,10059,999,3,269,807
30/11/2023 00:00:00,302235,10041,459,1,749,749
30/11/2023 00:00:00,302236,10024,368,1,199,199
30/11/2023 00:00:00,302236,10079,29,2,7,14
30/11/2023 00:00:00,302237,10047,73,2,300,600
30/11/2023 00:00:00,302238,10081,316,2,5,10
30/11/2023 00:00:00,302238,10044,724,3,750,2250
30/11/2023 00:00:00,302239,10081,322,1,5,5
30/11/2023 00:00:00,302239,10006,204,3,24,72
01/12/2023 00:00:00,302240,10038,369,2,379,758
01/12/2023 00:00:00,302241,10070,234,3,7,21
01/12/2023 00:00:00,302242,10079,461,2,7,14
01/12/2023 00:00:00,302243,10027,537,3,109,327
01/12/2023 00:00:00,302244,10019,998,3,1299,3897
01/12/2023 00:00:00,302245,10021,564,2,799,1598
01/12/2023 00:00:00,302246,10080,486,3,6,18
01/12/2023 00:00:00,302246,10008,623,1,50,50
02/12/2023 00:00:00,302247,10066,717,1,149,149
02/12/2023 00:00:00,302247,10031,771,1,25,25
02/12/2023 00:00:00,302247,10028,857,2,1500,3000
02/12/2023 00:00:00,302248,10058,456,2,799,1598
02/12/2023 00:00:00,302249,10052,512,1,300,300
02/12/2023 00:00:00,302250,10032,361,2,70,140
02/12/2023 00:00:00,302251,10027,871,2,109,218
02/12/2023 00:00:00,302252,10032,655,1,70,70
02/12/2023 00:00:00,302252,10066,127,3,149,447
02/12/2023 00:00:00,302252,10004,389,3,35,105
02/12/2023 00:00:00,302252,10055,210,2,95,190
02/12/2023 00:00:00,302253,10068,935,2,279,558
02/12/2023 00:00:00,302254,10028,203,2,1500,3000
03/12/2023 00:00:00,302255,10018,6,1,1099,1099
03/12/2023 00:00:00,302255,10053,379,3,90,270
03/12/2023 00:00:00,302255,10026,742,1,850,850
03/12/2023 00:00:00,302255,10036,914,3,111,333
03/12/2023 00:00:00,302255,10045,786,1,499,499
03/12/2023 00:00:00,302256,10016,439,1,1599,1599
03/12/2023 00:00:00,302256,10058,686,3,799,2397
03/12/2023 00:00:00,302256,10073,856,2,7,14
03/12/2023 00:00:00,302257,10056,638,3,999,2997
03/12/2023 00:00:00,302257,10046,1000,3,200,600
03/12/2023 00:00:00,302257,10080,304,3,6,18
03/12/2023 00:00:00,302258,10045,363,2,499,998
03/12/2023 00:00:00,302258,10021,419,3,799,2397
03/12/2023 00:00:00,302258,10073,552,1,7,7
03/12/2023 00:00:00,302258,10014,24,1,1199,1199
03/12/2023 00:00:00,302259,10024,246,1,199,199
03/12/2023 00:00:00,302259,10013,815,1,157,157
03/12/2023 00:00:00,302260,10079,797,1,7,7
03/12/2023 00:00:00,302260,10041,337,2,749,1498
03/12/2023 00:00:00,302261,10078,932,1,5,5
03/12/2023 00:00:00,302261,10058,116,2,799,1598
03/12/2023 00:00:00,302262,10002,66,3,81,243
03/12/2023 00:00:00,302262,10076,546,1,7,7
03/12/2023 00:00:00,302262,10075,343,1,5,5
03/12/2023 00:00:00,302262,10024,539,1,199,199
03/12/2023 00:00:00,302263,10015,813,3,1399,4197
03/12/2023 00:00:00,302263,10010,898,2,29,58
03/12/2023 00:00:00,302264,10055,166,2,95,190
03/12/2023 00:00:00,302264,10065,600,3,399,1197
03/12/2023 00:00:00,302265,10063,53,1,1799,1799
03/12/2023 00:00:00,302266,10057,210,1,1099,1099
03/12/2023 00:00:00,302266,10078,341,1,5,5
03/12/2023 00:00:00,302266,10035,684,1,52,52
03/12/2023 00:00:00,302267,10006,274,3,24,72
04/12/2023 00:00:00,302268,10005,523,2,36,72
04/12/2023 00:00:00,302269,10045,367,1,499,499
04/12/2023 00:00:00,302269,10053,299,1,90,90
04/12/2023 00:00:00,302270,10055,630,3,95,285
04/12/2023 00:00:00,302270,10006,142,2,24,48
04/12/2023 00:00:00,302270,10077,695,3,6,18
04/12/2023 00:00:00,302271,10048,900,2,500,1000
04/12/2023 00:00:00,302271,10041,440,3,749,2247
04/12/2023 00:00:00,302272,10017,664,1,999,999
04/12/2023 00:00:00,302273,10057,626,1,1099,1099
04/12/2023 00:00:00,302273,10051,217,1,900,900
04/12/2023 00:00:00,302274,10026,100,3,850,2550
04/12/2023 00:00:00,302274,10036,538,1,111,111
04/12/2023 00:00:00,302274,10033,231,1,295,295
04/12/2023 00:00:00,302274,10084,844,1,7,7
04/12/2023 00:00:00,302274,10029,854,3,44,132
04/12/2023 00:00:00,302274,10062,702,3,1499,4497
04/12/2023 00:00:00,302275,10018,999,2,1099,2198
04/12/2023 00:00:00,302275,10082,295,1,20,20
05/12/2023 00:00:00,302276,10068,218,2,279,558
05/12/2023 00:00:00,302277,10061,88,2,1199,2398
05/12/2023 00:00:00,302277,10057,680,3,1099,3297
05/12/2023 00:00:00,302277,10019,682,1,1299,1299
05/12/2023 00:00:00,302278,10030,557,2,234,468
05/12/2023 00:00:00,302278,10060,588,1,579,579
05/12/2023 00:00:00,302279,10015,914,2,1399,2798
05/12/2023 00:00:00,302279,10031,310,3,25,75
05/12/2023 00:00:00,302279,10086,812,3,13,39
05/12/2023 00:00:00,302280,10054,985,1,250,250
05/12/2023 00:00:00,302281,10024,806,1,199,199
05/12/2023 00:00:00,302281,10061,209,3,1199,3597
06/12/2023 00:00:00,302282,10071,351,3,6,18
06/12/2023 00:00:00,302283,10068,613,2,279,558
06/12/2023 00:00:00,302284,10076,545,2,7,14
06/12/2023 00:00:00,302285,10073,530,3,7,21
06/12/2023 00:00:00,302285,10001,540,1,27,27
06/12/2023 00:00:00,302286,10042,971,2,1849,3698
06/12/2023 00:00:00,302287,10033,804,2,295,590
06/12/2023 00:00:00,302288,10070,271,1,7,7
06/12/2023 00:00:00,302288,10072,305,1,5,5
06/12/2023 00:00:00,302289,10050,677,1,700,700
06/12/2023 00:00:00,302289,10010,477,3,29,87
06/12/2023 00:00:00,302290,10050,13,1,700,700
06/12/2023 00:00:00,302291,10058,436,3,799,2397
06/12/2023 00:00:00,302291,10047,668,2,300,600
06/12/2023 00:00:00,302292,10044,803,2,750,1500
06/12/2023 00:00:00,302292,10035,888,2,52,104
06/12/2023 00:00:00,302293,10045,782,3,499,1497
07/12/2023 00:00:00,302294,10069,350,3,5,15
07/12/2023 00:00:00,302294,10021,697,3,799,2397
07/12/2023 00:00:00,302295,10083,816,3,50,150
07/12/2023 00:00:00,302296,10033,503,2,295,590
07/12/2023 00:00:00,302296,10081,65,1,5,5
07/12/2023 00:00:00,302296,10035,905,3,52,156
07/12/2023 00:00:00,302296,10053,259,1,90,90
07/12/2023 00:00:00,302296,10079,16,2,7,14
07/12/2023 00:00:00,302296,10077,622,1,6,6
07/12/2023 00:00:00,302296,10030,217,1,234,234
07/12/2023 00:00:00,302297,10050,509,2,700,1400
07/12/2023 00:00:00,302297,10068,417,3,279,837
07/12/2023 00:00:00,302298,10054,320,3,250,750
07/12/2023 00:00:00,302299,10084,12,3,7,21
07/12/2023 00:00:00,302299,10035,100,3,52,156
08/12/2023 00:00:00,302300,10049,120,3,450,1350
08/12/2023 00:00:00,302301,10008,728,2,50,100
08/12/2023 00:00:00,302302,10039,877,1,799,799
08/12/2023 00:00:00,302302,10034,849,1,90,90
08/12/2023 00:00:00,302303,10048,93,1,500,500
08/12/2023 00:00:00,302303,10035,703,1,52,52
08/12/2023 00:00:00,302304,10079,696,3,7,21
08/12/2023 00:00:00,302305,10023,856,3,1099,3297
08/12/2023 00:00:00,302305,10076,853,2,7,14
09/12/2023 00:00:00,302306,10038,11,3,379,1137
09/12/2023 00:00:00,302307,10004,221,3,35,105
09/12/2023 00:00:00,302307,10076,371,3,7,21
09/12/2023 00:00:00,302307,10086,365,1,13,13
09/12/2023 00:00:00,302308,10042,198,2,1849,3698
09/12/2023 00:00:00,302308,10014,263,2,1199,2398
09/12/2023 00:00:00,302308,10005,110,2,36,72
09/12/2023 00:00:00,302309,10057,792,1,1099,1099
09/12/2023 00:00:00,302310,10040,269,2,949,1898
09/12/2023 00:00:00,302311,10063,640,1,1799,1799
10/12/2023 00:00:00,302312,10043,40,2,450,900
11/12/2023 00:00:00,302313,10018,555,3,1099,3297
11/12/2023 00:00:00,302314,10076,220,3,7,21
11/12/2023 00:00:00,302314,10019,953,3,1299,3897
11/12/2023 00:00:00,302315,10016,801,2,1599,3198
11/12/2023 00:00:00,302316,10079,853,2,7,14
11/12/2023 00:00:00,302317,10008,4,3,50,150
11/12/2023 00:00:00,302318,10005,44,1,36,36
11/12/2023 00:00:00,302319,10030,367,2,234,468
11/12/2023 00:00:00,302319,10051,517,2,900,1800
12/12/2023 00:00:00,302320,10074,109,2,6,12
12/12/2023 00:00:00,302320,10009,597,2,80,160
12/12/2023 00:00:00,302321,10046,153,2,200,400
12/12/2023 00:00:00,302321,10048,260,2,500,1000
12/12/2023 00:00:00,302321,10084,303,2,7,14
12/12/2023 00:00:00,302321,10040,82,2,949,1898
12/12/2023 00:00:00,302321,10078,292,1,5,5
12/12/2023 00:00:00,302321,10083,488,2,50,100
12/12/2023 00:00:00,302322,10052,902,1,300,300
12/12/2023 00:00:00,302322,10074,95,1,6,6
12/12/2023 00:00:00,302323,10005,671,2,36,72
12/12/2023 00:00:00,302323,10036,954,1,111,111
12/12/2023 00:00:00,302324,10048,117,3,500,1500
12/12/2023 00:00:00,302324,10009,832,2,80,160
12/12/2023 00:00:00,302324,10080,265,3,6,18
12/12/2023 00:00:00,302324,10040,737,1,949,949
12/12/2023 00:00:00,302325,10072,338,3,5,15
12/12/2023 00:00:00,302325,10073,864,2,7,14
12/12/2023 00:00:00,302325,10002,752,2,81,162
13/12/2023 00:00:00,302326,10074,640,3,6,18
13/12/2023 00:00:00,302327,10037,294,1,500,500
13/12/2023 00:00:00,302327,10062,772,1,1499,1499
13/12/2023 00:00:00,302328,10068,369,3,279,837
13/12/2023 00:00:00,302329,10058,235,3,799,2397
13/12/2023 00:00:00,302330,10066,627,2,149,298
13/12/2023 00:00:00,302330,10032,60,1,70,70
13/12/2023 00:00:00,302331,10066,887,1,149,149
13/12/2023 00:00:00,302331,10006,243,1,24,24
13/12/2023 00:00:00,302331,10085,959,1,6,6
13/12/2023 00:00:00,302332,10065,332,2,399,798
13/12/2023 00:00:00,302332,10063,688,2,1799,3598
13/12/2023 00:00:00,302332,10083,108,2,50,100
13/12/2023 00:00:00,302332,10025,455,3,399,1197
14/12/2023 00:00:00,302333,10006,934,1,24,24
14/12/2023 00:00:00,302334,10056,311,3,999,2997
14/12/2023 00:00:00,302334,10079,838,1,7,7
14/12/2023 00:00:00,302335,10068,861,3,279,837
14/12/2023 00:00:00,302335,10031,51,1,25,25
14/12/2023 00:00:00,302335,10069,376,2,5,10
14/12/2023 00:00:00,302335,10055,294,3,95,285
14/12/2023 00:00:00,302336,10071,43,3,6,18
14/12/2023 00:00:00,302336,10062,955,3,1499,4497
14/12/2023 00:00:00,302336,10059,208,1,269,269
14/12/2023 00:00:00,302337,10023,867,1,1099,1099
14/12/2023 00:00:00,302337,10023,387,1,1099,1099
14/12/2023 00:00:00,302337,10004,688,2,35,70
14/12/2023 00:00:00,302338,10058,426,3,799,2397
14/12/2023 00:00:00,302338,10006,262,3,24,72
14/12/2023 00:00:00,302339,10005,389,1,36,36
14/12/2023 00:00:00,302340,10075,754,2,5,10
14/12/2023 00:00:00,302340,10016,155,1,1599,1599
15/12/2023 00:00:00,302341,10086,603,2,13,26
15/12/2023 00:00:00,302341,10065,952,2,399,798
15/12/2023 00:00:00,302342,10073,113,1,7,7
15/12/2023 00:00:00,302343,10023,800,2,1099,2198
15/12/2023 00:00:00,302344,10025,288,1,399,399
15/12/2023 00:00:00,302344,10077,854,2,6,12
15/12/2023 00:00:00,302344,10013,48,1,157,157
15/12/2023 00:00:00,302344,10076,769,1,7,7
15/12/2023 00:00:00,302345,10044,609,1,750,750
15/12/2023 00:00:00,302345,10086,630,2,13,26
15/12/2023 00:00:00,302345,10072,653,1,5,5
15/12/2023 00:00:00,302346,10002,41,3,81,243
15/12/2023 00:00:00,302346,10069,773,3,5,15
15/12/2023 00:00:00,302346,10026,85,3,850,2550
15/12/2023 00:00:00,302346,10075,183,3,5,15
15/12/2023 00:00:00,302347,10063,683,1,1799,1799
15/12/2023 00:00:00,302347,10009,7,3,80,240
15/12/2023 00:00:00,302347,10005,402,1,36,36
15/12/2023 00:00:00,302347,10033,464,3,295,885
15/12/2023 00:00:00,302347,10036,630,1,111,111
16/12/2023 00:00:00,302348,10033,900,1,295,295
16/12/2023 00:00:00,302348,10059,43,3,269,807
16/12/2023 00:00:00,302349,10019,647,1,1299,1299
16/12/2023 00:00:00,302350,10042,645,1,1849,1849
16/12/2023 00:00:00,302350,10041,636,1,749,749
16/12/2023 00:00:00,302350,10086,27,2,13,26
16/12/2023 00:00:00,302350,10008,71,3,50,150
16/12/2023 00:00:00,302350,10054,534,3,250,750
16/12/2023 00:00:00,302350,10058,618,2,799,1598
16/12/2023 00:00:00,302351,10051,108,3,900,2700
16/12/2023 00:00:00,302351,10031,938,2,25,50
16/12/2023 00:00:00,302352,10064,593,3,1249,3747
16/12/2023 00:00:00,302353,10024,156,2,199,398
17/12/2023 00:00:00,302354,10016,324,3,1599,4797
17/12/2023 00:00:00,302355,10058,514,3,799,2397
17/12/2023 00:00:00,302356,10071,533,1,6,6
17/12/2023 00:00:00,302357,10022,741,3,899,2697
17/12/2023 00:00:00,302357,10064,724,1,1249,1249
17/12/2023 00:00:00,302357,10047,652,2,300,600
17/12/2023 00:00:00,302357,10039,9,3,799,2397
17/12/2023 00:00:00,302357,10075,51,3,5,15
17/12/2023 00:00:00,302358,10021,129,3,799,2397
17/12/2023 00:00:00,302359,10074,789,1,6,6
17/12/2023 00:00:00,302359,10001,551,3,27,81
17/12/2023 00:00:00,302360,10020,586,1,1499,1499
17/12/2023 00:00:00,302361,10036,463,1,111,111
17/12/2023 00:00:00,302361,10059,274,3,269,807
17/12/2023 00:00:00,302361,10084,599,3,7,21
17/12/2023 00:00:00,302361,10052,164,2,300,600
17/12/2023 00:00:00,302362,10016,297,1,1599,1599
17/12/2023 00:00:00,302362,10017,166,2,999,1998
17/12/2023 00:00:00,302362,10039,946,2,799,1598
17/12/2023 00:00:00,302363,10026,379,3,850,2550
17/12/2023 00:00:00,302364,10013,874,3,157,471
17/12/2023 00:00:00,302365,10081,800,1,5,5
18/12/2023 00:00:00,302366,10052,850,1,300,300
18/12/2023 00:00:00,302366,10050,354,2,700,1400
18/12/2023 00:00:00,302366,10074,171,1,6,6
18/12/2023 00:00:00,302366,10065,979,3,399,1197
18/12/2023 00:00:00,302367,10022,226,3,899,2697
18/12/2023 00:00:00,302367,10071,789,2,6,12
18/12/2023 00:00:00,302367,10035,618,1,52,52
18/12/2023 00:00:00,302367,10024,541,2,199,398
18/12/2023 00:00:00,302368,10021,839,1,799,799
18/12/2023 00:00:00,302369,10070,985,2,7,14
18/12/2023 00:00:00,302369,10073,347,3,7,21
18/12/2023 00:00:00,302370,10068,907,2,279,558
18/12/2023 00:00:00,302370,10020,398,2,1499,2998
18/12/2023 00:00:00,302371,10029,553,2,44,88
18/12/2023 00:00:00,302372,10040,134,2,949,1898
19/12/2023 00:00:00,302373,10046,135,2,200,400
19/12/2023 00:00:00,302374,10050,826,1,700,700
19/12/2023 00:00:00,302375,10014,86,2,1199,2398
19/12/2023 00:00:00,302375,10023,995,2,1099,2198
19/12/2023 00:00:00,302375,10025,719,1,399,399
19/12/2023 00:00:00,302375,10041,459,2,749,1498
19/12/2023 00:00:00,302375,10032,309,2,70,140
19/12/2023 00:00:00,302376,10044,992,3,750,2250
19/12/2023 00:00:00,302376,10057,258,2,1099,2198
19/12/2023 00:00:00,302376,10028,414,2,1500,3000
19/12/2023 00:00:00,302377,10005,176,1,36,36
19/12/2023 00:00:00,302377,10009,414,2,80,160
19/12/2023 00:00:00,302378,10053,133,2,90,180
20/12/2023 00:00:00,302379,10009,669,3,80,240
20/12/2023 00:00:00,302379,10055,40,3,95,285
20/12/2023 00:00:00,302380,10008,370,2,50,100
20/12/2023 00:00:00,302380,10078,791,1,5,5
20/12/2023 00:00:00,302381,10052,925,3,300,900
20/12/2023 00:00:00,302382,10045,581,3,499,1497
20/12/2023 00:00:00,302382,10054,973,1,250,250
20/12/2023 00:00:00,302382,10013,967,2,157,314
20/12/2023 00:00:00,302382,10046,79,2,200,400
20/12/2023 00:00:00,302382,10009,626,2,80,160
20/12/2023 00:00:00,302382,10028,382,1,1500,1500
20/12/2023 00:00:00,302382,10020,345,1,1499,1499
20/12/2023 00:00:00,302383,10045,392,2,499,998
20/12/2023 00:00:00,302384,10068,592,3,279,837
20/12/2023 00:00:00,302385,10040,771,1,949,949
21/12/2023 00:00:00,302386,10050,652,2,700,1400
21/12/2023 00:00:00,302386,10048,387,1,500,500
21/12/2023 00:00:00,302387,10056,649,2,999,1998
21/12/2023 00:00:00,302388,10057,629,2,1099,2198
21/12/2023 00:00:00,302389,10065,875,1,399,399
21/12/2023 00:00:00,302390,10033,437,1,295,295
21/12/2023 00:00:00,302391,10012,341,3,70,210
21/12/2023 00:00:00,302391,10017,890,2,999,1998
21/12/2023 00:00:00,302391,10067,424,2,269,538
21/12/2023 00:00:00,302391,10011,790,3,106,318
21/12/2023 00:00:00,302391,10076,648,2,7,14
21/12/2023 00:00:00,302392,10081,147,2,5,10
21/12/2023 00:00:00,302393,10053,89,3,90,270
21/12/2023 00:00:00,302394,10063,233,3,1799,5397
21/12/2023 00:00:00,302395,10056,923,2,999,1998
21/12/2023 00:00:00,302396,10049,106,2,450,900
22/12/2023 00:00:00,302397,10058,307,3,799,2397
22/12/2023 00:00:00,302398,10007,797,1,230,230
22/12/2023 00:00:00,302398,10010,107,1,29,29
22/12/2023 00:00:00,302398,10052,490,1,300,300
22/12/2023 00:00:00,302399,10023,169,3,1099,3297
22/12/2023 00:00:00,302399,10025,613,1,399,399
22/12/2023 00:00:00,302400,10027,293,1,109,109
22/12/2023 00:00:00,302400,10054,42,1,250,250
22/12/2023 00:00:00,302401,10070,331,3,7,21
22/12/2023 00:00:00,302402,10023,67,2,1099,2198
22/12/2023 00:00:00,302402,10052,810,2,300,600
23/12/2023 00:00:00,302403,10055,289,2,95,190
23/12/2023 00:00:00,302403,10033,493,1,295,295
23/12/2023 00:00:00,302403,10071,168,3,6,18
23/12/2023 00:00:00,302404,10076,98,3,7,21
23/12/2023 00:00:00,302405,10076,307,2,7,14
23/12/2023 00:00:00,302406,10003,269,1,149,149
23/12/2023 00:00:00,302407,10062,526,2,1499,2998
23/12/2023 00:00:00,302408,10032,622,3,70,210
23/12/2023 00:00:00,302408,10014,474,3,1199,3597
23/12/2023 00:00:00,302408,10084,971,3,7,21
23/12/2023 00:00:00,302409,10023,943,1,1099,1099
23/12/2023 00:00:00,302409,10016,770,2,1599,3198
23/12/2023 00:00:00,302409,10053,443,1,90,90
23/12/2023 00:00:00,302409,10085,983,3,6,18
23/12/2023 00:00:00,302410,10078,301,3,5,15
23/12/2023 00:00:00,302410,10002,843,1,81,81
23/12/2023 00:00:00,302410,10084,947,3,7,21
24/12/2023 00:00:00,302411,10053,37,2,90,180
24/12/2023 00:00:00,302411,10053,317,1,90,90
24/12/2023 00:00:00,302412,10004,964,1,35,35
24/12/2023 00:00:00,302412,10016,604,1,1599,1599
24/12/2023 00:00:00,302413,10056,637,2,999,1998
24/12/2023 00:00:00,302413,10059,706,2,269,538
24/12/2023 00:00:00,302414,10070,602,3,7,21
24/12/2023 00:00:00,302415,10003,692,2,149,298
24/12/2023 00:00:00,302416,10086,543,2,13,26
25/12/2023 00:00:00,302417,10068,340,1,279,279
25/12/2023 00:00:00,302417,10047,534,3,300,900
25/12/2023 00:00:00,302417,10051,18,2,900,1800
25/12/2023 00:00:00,302417,10035,119,3,52,156
25/12/2023 00:00:00,302418,10036,491,3,111,333
25/12/2023 00:00:00,302419,10020,980,1,1499,1499
25/12/2023 00:00:00,302420,10003,86,1,149,149
25/12/2023 00:00:00,302420,10022,507,3,899,2697
25/12/2023 00:00:00,302420,10039,827,1,799,799
25/12/2023 00:00:00,302420,10002,913,1,81,81
25/12/2023 00:00:00,302421,10011,999,2,106,212
26/12/2023 00:00:00,302422,10046,591,3,200,600
26/12/2023 00:00:00,302423,10019,97,1,1299,1299
26/12/2023 00:00:00,302424,10076,419,2,7,14
26/12/2023 00:00:00,302424,10038,283,1,379,379
26/12/2023 00:00:00,302425,10017,94,1,999,999
26/12/2023 00:00:00,302425,10044,124,3,750,2250
26/12/2023 00:00:00,302426,10083,495,2,50,100
26/12/2023 00:00:00,302427,10020,707,1,1499,1499
26/12/2023 00:00:00,302428,10067,381,1,269,269
26/12/2023 00:00:00,302428,10045,933,2,499,998
26/12/2023 00:00:00,302428,10022,262,1,899,899
26/12/2023 00:00:00,302429,10085,176,2,6,12
26/12/2023 00:00:00,302429,10021,925,2,799,1598
26/12/2023 00:00:00,302429,10072,200,1,5,5
26/12/2023 00:00:00,302429,10019,461,3,1299,3897
26/12/2023 00:00:00,302429,10053,827,3,90,270
26/12/2023 00:00:00,302430,10008,32,3,50,150
26/12/2023 00:00:00,302431,10026,480,3,850,2550
26/12/2023 00:00:00,302432,10039,441,1,799,799
26/12/2023 00:00:00,302433,10074,50,1,6,6
26/12/2023 00:00:00,302433,10025,692,2,399,798
26/12/2023 00:00:00,302433,10037,762,2,500,1000
27/12/2023 00:00:00,302434,10004,804,1,35,35
27/12/2023 00:00:00,302435,10069,211,3,5,15
27/12/2023 00:00:00,302436,10069,645,2,5,10
27/12/2023 00:00:00,302437,10068,322,3,279,837
27/12/2023 00:00:00,302437,10073,411,2,7,14
27/12/2023 00:00:00,302437,10023,618,1,1099,1099
27/12/2023 00:00:00,302437,10010,313,1,29,29
27/12/2023 00:00:00,302437,10055,859,3,95,285
27/12/2023 00:00:00,302438,10020,326,2,1499,2998
27/12/2023 00:00:00,302439,10016,711,3,1599,4797
27/12/2023 00:00:00,302440,10006,173,2,24,48
27/12/2023 00:00:00,302440,10010,415,3,29,87
27/12/2023 00:00:00,302441,10080,480,2,6,12
27/12/2023 00:00:00,302441,10007,627,2,230,460
28/12/2023 00:00:00,302442,10083,231,2,50,100
28/12/2023 00:00:00,302442,10021,201,1,799,799
28/12/2023 00:00:00,302442,10016,47,2,1599,3198
28/12/2023 00:00:00,302443,10026,956,2,850,1700
28/12/2023 00:00:00,302443,10033,368,3,295,885
28/12/2023 00:00:00,302444,10044,169,2,750,1500
28/12/2023 00:00:00,302445,10086,865,2,13,26
28/12/2023 00:00:00,302446,10034,306,1,90,90
28/12/2023 00:00:00,302447,10002,175,1,81,81
29/12/2023 00:00:00,302448,10034,817,3,90,270
29/12/2023 00:00:00,302449,10074,614,1,6,6
29/12/2023 00:00:00,302449,10006,255,1,24,24
29/12/2023 00:00:00,302450,10012,28,2,70,140
29/12/2023 00:00:00,302451,10013,649,2,157,314
29/12/2023 00:00:00,302452,10072,930,3,5,15
29/12/2023 00:00:00,302452,10032,489,2,70,140
29/12/2023 00:00:00,302452,10022,131,1,899,899
29/12/2023 00:00:00,302453,10063,800,3,1799,5397
29/12/2023 00:00:00,302454,10078,28,2,5,10
29/12/2023 00:00:00,302454,10045,229,2,499,998
29/12/2023 00:00:00,302454,10042,223,1,1849,1849
29/12/2023 00:00:00,302454,10049,372,3,450,1350
30/12/2023 00:00:00,302455,10007,712,1,230,230
30/12/2023 00:00:00,302455,10007,606,2,230,460
30/12/2023 00:00:00,302456,10073,918,2,7,14
30/12/2023 00:00:00,302456,10059,301,2,269,538
30/12/2023 00:00:00,302457,10065,419,2,399,798
30/12/2023 00:00:00,302458,10003,421,1,149,149
30/12/2023 00:00:00,302458,10032,519,3,70,210
30/12/2023 00:00:00,302459,10007,793,2,230,460
30/12/2023 00:00:00,302459,10071,329,3,6,18
30/12/2023 00:00:00,302460,10038,502,1,379,379
30/12/2023 00:00:00,302461,10023,905,2,1099,2198
30/12/2023 00:00:00,302462,10049,605,3,450,1350
30/12/2023 00:00:00,302462,10069,132,2,5,10
30/12/2023 00:00:00,302462,10025,494,3,399,1197
30/12/2023 00:00:00,302462,10054,431,3,250,750
30/12/2023 00:00:00,302462,10048,865,1,500,500
30/12/2023 00:00:00,302462,10023,288,2,1099,2198
30/12/2023 00:00:00,302462,10018,663,3,1099,3297
30/12/2023 00:00:00,302463,10061,961,3,1199,3597
30/12/2023 00:00:00,302464,10028,684,1,1500,1500
30/12/2023 00:00:00,302464,10060,169,1,579,579
30/12/2023 00:00:00,302465,10062,510,1,1499,1499
30/12/2023 00:00:00,302465,10043,616,1,450,450
30/12/2023 00:00:00,302466,10026,957,3,850,2550
30/12/2023 00:00:00,302467,10009,152,3,80,240
30/12/2023 00:00:00,302467,10053,895,1,90,90
31/12/2023 00:00:00,302468,10004,79,3,35,105
31/12/2023 00:00:00,302468,10062,880,3,1499,4497
31/12/2023 00:00:00,302468,10082,540,1,20,20
31/12/2023 00:00:00,302469,10076,332,1,7,7
31/12/2023 00:00:00,302470,10085,765,1,6,6
31/12/2023 00:00:00,302471,10072,904,1,5,5
31/12/2023 00:00:00,302472,10044,932,1,750,750
31/12/2023 00:00:00,302472,10029,864,3,44,132
31/12/2023 00:00:00,302472,10075,942,1,5,5
31/12/2023 00:00:00,302472,10010,869,1,29,29
31/12/2023 00:00:00,302472,10084,543,3,7,21
31/12/2023 00:00:00,302472,10004,536,1,35,35
31/12/2023 00:00:00,302473,10066,16,3,149,447
